employee_id,source_employee_id,company_origin,first_name,last_name,full_name,email,department,department_standardized,job_title,manager_id,employment_type,country,jurisdiction,hire_date,source_system,duplicate_check,kept_in_golden
AC-000001,ACQ_00001,AcquiredCo,Larry,Smith,Larry Smith,larry.smith@acquiredco.com,Product,Product,Controller,AC-002436,Part-Time,Mexico,,2024-06-27,acquiredco_hris,hris_employee_id,True
AC-000002,ACQ_00002,AcquiredCo,Michael,Crawford,Michael Crawford,michael.crawford@acquiredco.com,Legal,Legal,Controller,AC-002546,Part-Time,Japan,,2021-06-09,acquiredco_hris,hris_employee_id,True
AC-000003,ACQ_00003,AcquiredCo,Brandon,Moore,Brandon Moore,brandon.moore@acquiredco.com,Marketing,Marketing,Solutions Architect,AC-001415,Contractor,United States,,2022-06-20,acquiredco_hris,hris_employee_id,True
AC-000004,ACQ_00004,AcquiredCo,Ashley,Moore,Ashley Moore,ashley.moore@acquiredco.com,Marketing,Marketing,Product Manager,AC-001247,Contractor,Netherlands,,2022-04-27,acquiredco_hris,hris_employee_id,True
AC-000005,ACQ_00005,AcquiredCo,Rachel,Clark,Rachel Clark,rachel.clark@acquiredco.com,Sales,Sales,Solutions Architect,AC-002354,Part-Time,France,,2017-05-01,acquiredco_hris,hris_employee_id,True
AC-000006,ACQ_00006,AcquiredCo,Ruth,Perez,Ruth Perez,ruth.perez@acquiredco.com,Data Science,Data,Marketing Manager,AC-002594,Part-Time,Spain,,2017-12-12,acquiredco_hris,hris_employee_id,True
AC-000007,ACQ_00007,AcquiredCo,Jonathan,Reed,Jonathan Reed,jonathan.reed@acquiredco.com,Finance,Finance,Sales Representative,AC-001230,Contractor,Switzerland,,2022-07-16,acquiredco_hris,hris_employee_id,True
AC-000008,ACQ_00008,AcquiredCo,Charles,Bennett,Charles Bennett,charles.bennett@acquiredco.com,Strategy,Strategy,Senior Software Engineer,AC-001628,Contractor,Germany,,2023-02-17,acquiredco_hris,hris_employee_id,True
AC-000009,ACQ_00009,AcquiredCo,Michael,Mason,Michael Mason,michael.mason@acquiredco.com,Finance,Finance,Recruiter,AC-001322,Full-Time,Mexico,,2020-12-20,acquiredco_hris,hris_employee_id,True
AC-000010,ACQ_00010,AcquiredCo,Nicole,Reyes,Nicole Reyes,nicole.reyes@acquiredco.com,Communications,Marketing,Solutions Architect,AC-001163,Part-Time,United Kingdom,,2018-02-28,acquiredco_hris,hris_employee_id,True
AC-000011,ACQ_00011,AcquiredCo,Ruth,Dixon,Ruth Dixon,ruth.dixon@acquiredco.com,Operations,Operations,Quality Assurance Engineer,AC-001061,Full-Time,Brazil,,2023-02-26,acquiredco_hris,hris_employee_id,True
AC-000012,ACQ_00012,AcquiredCo,Ruth,Stevens,Ruth Stevens,ruth.stevens@acquiredco.com,Product,Product,Software Engineer,AC-000212,Part-Time,Japan,,2018-06-06,acquiredco_hris,hris_employee_id,True
AC-000013,ACQ_00013,AcquiredCo,Michelle,Cooper,Michelle Cooper,michelle.cooper@acquiredco.com,Engineering,Engineering,Controller,AC-002760,Part-Time,Canada,,2022-08-15,acquiredco_hris,hris_employee_id,True
AC-000014,ACQ_00014,AcquiredCo,Rachel,Kemp,Rachel Kemp,rachel.kemp@acquiredco.com,Information Technology,Information Technology,Senior Software Engineer,AC-001417,Contractor,Canada,,2022-01-09,acquiredco_hris,hris_employee_id,True
AC-000015,ACQ_00015,AcquiredCo,Amy,Moreno,Amy Moreno,amy.moreno@acquiredco.com,Customer Success,Customer Support,Solutions Architect,AC-002165,Contractor,Netherlands,,2021-01-16,acquiredco_hris,hris_employee_id,True
AC-000016,ACQ_00016,AcquiredCo,Susan,Edwards,Susan Edwards,susan.edwards@acquiredco.com,Communications,Marketing,Financial Analyst,AC-000801,Part-Time,India,,2024-03-13,acquiredco_hris,hris_employee_id,True
AC-000017,ACQ_00017,AcquiredCo,Anna,Lopez,Anna Lopez,anna.lopez@acquiredco.com,Supply Chain,Operations,Product Manager,AC-001075,Full-Time,China,,2015-06-27,acquiredco_hris,hris_employee_id,True
AC-000018,ACQ_00018,AcquiredCo,Melissa,Gordon,Melissa Gordon,melissa.gordon@acquiredco.com,Customer Success,Customer Support,HR Specialist,AC-001242,Full-Time,Spain,,2017-03-17,acquiredco_hris,hris_employee_id,True
AC-000019,ACQ_00019,AcquiredCo,Alexander,Parker,Alexander Parker,alexander.parker@acquiredco.com,Operations,Operations,Systems Administrator,AC-001833,Contractor,Singapore,,2023-11-11,acquiredco_hris,hris_employee_id,True
AC-000020,ACQ_00020,AcquiredCo,Janet,Allen,Janet Allen,janet.allen@acquiredco.com,Marketing,Marketing,Staff Engineer,AC-001197,Part-Time,Spain,,2023-03-08,acquiredco_hris,hris_employee_id,True
AC-000021,ACQ_00021,AcquiredCo,Jerry,Porter,Jerry Porter,jerry.porter@acquiredco.com,Quality Assurance,Engineering,Project Manager,AC-002107,Full-Time,Singapore,,2018-05-16,acquiredco_hris,hris_employee_id,True
AC-000022,ACQ_00022,AcquiredCo,Sarah,Burns,Sarah Burns,sarah.burns@acquiredco.com,Sales,Sales,Marketing Specialist,AC-002142,Full-Time,Australia,,2022-05-12,acquiredco_hris,hris_employee_id,True
AC-000023,ACQ_00023,AcquiredCo,Margaret,Peterson,Margaret Peterson,margaret.peterson@acquiredco.com,Product,Product,Senior Product Manager,AC-002179,Part-Time,Ireland,,2024-04-27,acquiredco_hris,hris_employee_id,True
AC-000024,ACQ_00024,AcquiredCo,Benjamin,Cooper,Benjamin Cooper,benjamin.cooper@acquiredco.com,Strategy,Strategy,Marketing Specialist,AC-001172,Contractor,India,,2024-03-04,acquiredco_hris,hris_employee_id,True
AC-000025,ACQ_00025,AcquiredCo,Stephanie,Campbell,Stephanie Campbell,stephanie.campbell@acquiredco.com,Data Science,Data,Product Manager,AC-000277,Contractor,Ireland,,2020-10-29,acquiredco_hris,hris_employee_id,True
AC-000026,ACQ_00026,AcquiredCo,Ronald,Mason,Ronald Mason,ronald.mason@acquiredco.com,Customer Success,Customer Support,Senior Product Manager,AC-001617,Part-Time,Australia,,2022-06-07,acquiredco_hris,hris_employee_id,True
AC-000027,ACQ_00027,AcquiredCo,Thomas,Clark,Thomas Clark,thomas.clark@acquiredco.com,Communications,Marketing,Systems Administrator,,Contractor,Spain,,2017-12-16,acquiredco_hris,hris_employee_id,True
AC-000028,ACQ_00028,AcquiredCo,Jason,Wilson,Jason Wilson,jason.wilson@acquiredco.com,Business Development,Sales,Sales Director,AC-001273,Contractor,Hong Kong,,2021-05-21,acquiredco_hris,hris_employee_id,True
AC-000029,ACQ_00029,AcquiredCo,Justin,Johnson,Justin Johnson,justin.johnson@acquiredco.com,Operations,Operations,Quality Assurance Engineer,AC-000843,Contractor,Singapore,,2021-12-02,acquiredco_hris,hris_employee_id,True
AC-000030,ACQ_00030,AcquiredCo,Helen,Rogers,Helen Rogers,helen.rogers@acquiredco.com,Sales,Sales,Analyst,AC-002174,Full-Time,Italy,,2015-01-13,acquiredco_hris,hris_employee_id,True
AC-000031,ACQ_00031,AcquiredCo,Donald,Lewis,Donald Lewis,donald.lewis@acquiredco.com,Engineering,Engineering,Accountant,AC-000539,Part-Time,Spain,,2023-01-27,acquiredco_hris,hris_employee_id,True
AC-000032,ACQ_00032,AcquiredCo,Samantha,Miller,Samantha Miller,samantha.miller@acquiredco.com,Customer Success,Customer Support,Quality Assurance Engineer,AC-000563,Contractor,Canada,,2022-03-16,acquiredco_hris,hris_employee_id,True
AC-000033,ACQ_00033,AcquiredCo,Dorothy,Collins,Dorothy Collins,dorothy.collins@acquiredco.com,Supply Chain,Operations,Data Engineer,AC-000303,Full-Time,Germany,,2021-01-01,acquiredco_hris,hris_employee_id,True
AC-000034,ACQ_00034,AcquiredCo,Jeffrey,Taylor,Jeffrey Taylor,jeffrey.taylor@acquiredco.com,Quality Assurance,Engineering,Analyst,AC-002549,Full-Time,South Korea,,2017-08-27,acquiredco_hris,hris_employee_id,True
AC-000035,ACQ_00035,AcquiredCo,Matthew,Davis,Matthew Davis,matthew.davis@acquiredco.com,Supply Chain,Operations,Account Executive,AC-000446,Contractor,Singapore,,2022-12-29,acquiredco_hris,hris_employee_id,True
AC-000036,ACQ_00036,AcquiredCo,Stephanie,Mason,Stephanie Mason,stephanie.mason@acquiredco.com,Finance,Finance,Account Executive,,Part-Time,Mexico,,2023-11-20,acquiredco_hris,hris_employee_id,True
AC-000037,ACQ_00037,AcquiredCo,Donald,Lopez,Donald Lopez,donald.lopez@acquiredco.com,Customer Success,Customer Support,Software Engineer,AC-001956,Contractor,United Kingdom,,2019-01-29,acquiredco_hris,hris_employee_id,True
AC-000038,ACQ_00038,AcquiredCo,Gary,Phillips,Gary Phillips,gary.phillips@acquiredco.com,Business Development,Sales,Business Analyst,AC-002773,Contractor,United States,,2022-02-19,acquiredco_hris,hris_employee_id,True
AC-000039,ACQ_00039,AcquiredCo,Samantha,Crawford,Samantha Crawford,samantha.crawford@acquiredco.com,Product,Product,Data Scientist,AC-001582,Full-Time,Japan,,2016-04-30,acquiredco_hris,hris_employee_id,True
AC-000040,ACQ_00040,AcquiredCo,Jerry,Perez,Jerry Perez,jerry.perez@acquiredco.com,Data Science,Data,Controller,AC-000828,Full-Time,France,,2015-05-10,acquiredco_hris,hris_employee_id,True
AC-000041,ACQ_00041,AcquiredCo,Karen,Burns,Karen Burns,karen.burns@acquiredco.com,Supply Chain,Operations,Marketing Specialist,AC-002100,Full-Time,Germany,,2017-02-25,acquiredco_hris,hris_employee_id,True
AC-000042,ACQ_00042,AcquiredCo,Daniel,Burns,Daniel Burns,daniel.burns@acquiredco.com,Manufacturing,Manufacturing,Product Manager,AC-000800,Full-Time,France,,2016-06-03,acquiredco_hris,hris_employee_id,True
AC-000043,ACQ_00043,AcquiredCo,Michelle,Gomez,Michelle Gomez,michelle.gomez@acquiredco.com,Sales,Sales,Software Engineer,AC-000402,Full-Time,Spain,,2018-12-07,acquiredco_hris,hris_employee_id,True
AC-000044,ACQ_00044,AcquiredCo,Adam,Cooper,Adam Cooper,adam.cooper@acquiredco.com,Engineering,Engineering,Marketing Specialist,AC-000277,Part-Time,Canada,,2022-07-15,acquiredco_hris,hris_employee_id,True
AC-000045,ACQ_00045,AcquiredCo,Jerry,Parker,Jerry Parker,jerry.parker@acquiredco.com,Legal,Legal,Senior Product Manager,AC-001115,Contractor,Canada,,2017-04-11,acquiredco_hris,hris_employee_id,True
AC-000046,ACQ_00046,AcquiredCo,Robert,Garcia,Robert Garcia,robert.garcia@acquiredco.com,Engineering,Engineering,HR Manager,,Part-Time,Japan,,2019-06-01,acquiredco_hris,hris_employee_id,True
AC-000047,ACQ_00047,AcquiredCo,Deborah,Jones,Deborah Jones,deborah.jones@acquiredco.com,Strategy,Strategy,Project Manager,AC-001012,Contractor,Italy,,2020-05-31,acquiredco_hris,hris_employee_id,True
AC-000048,ACQ_00048,AcquiredCo,Jerry,Rogers,Jerry Rogers,jerry.rogers@acquiredco.com,Sales,Sales,Project Manager,AC-002511,Full-Time,United Kingdom,,2020-01-11,acquiredco_hris,hris_employee_id,True
AC-000049,ACQ_00049,AcquiredCo,Daniel,Shelton,Daniel Shelton,daniel.shelton@acquiredco.com,Product,Product,HR Manager,AC-001464,Full-Time,Australia,,2022-12-18,acquiredco_hris,hris_employee_id,True
AC-000050,ACQ_00050,AcquiredCo,Benjamin,Bell,Benjamin Bell,benjamin.bell@acquiredco.com,Strategy,Strategy,Solutions Architect,AC-000673,Full-Time,Sweden,,2023-09-24,acquiredco_hris,hris_employee_id,True
AC-000051,ACQ_00051,AcquiredCo,Kathleen,Torres,Kathleen Torres,kathleen.torres@acquiredco.com,Legal,Legal,Senior Software Engineer,AC-001210,Part-Time,Spain,,2019-04-12,acquiredco_hris,hris_employee_id,True
AC-000052,ACQ_00052,AcquiredCo,Laura,Reeves,Laura Reeves,laura.reeves@acquiredco.com,Communications,Marketing,HR Specialist,AC-002961,Contractor,Netherlands,,2021-08-20,acquiredco_hris,hris_employee_id,True
AC-000053,ACQ_00053,AcquiredCo,Stephanie,Morris,Stephanie Morris,stephanie.morris@acquiredco.com,Information Technology,Information Technology,Solutions Architect,AC-002665,Part-Time,Ireland,,2020-03-27,acquiredco_hris,hris_employee_id,True
AC-000054,ACQ_00054,AcquiredCo,Kevin,Brown,Kevin Brown,kevin.brown@acquiredco.com,Engineering,Engineering,Account Executive,AC-000736,Contractor,Japan,,2016-04-03,acquiredco_hris,hris_employee_id,True
AC-000055,ACQ_00055,AcquiredCo,James,Parker,James Parker,james.parker@acquiredco.com,Marketing,Marketing,Solutions Architect,AC-002489,Contractor,Canada,,2024-11-15,acquiredco_hris,hris_employee_id,True
AC-000056,ACQ_00056,AcquiredCo,Michelle,Anderson,Michelle Anderson,michelle.anderson@acquiredco.com,Product,Product,Data Engineer,,Part-Time,Germany,,2022-11-04,acquiredco_hris,hris_employee_id,True
AC-000057,ACQ_00057,AcquiredCo,Jason,Harris,Jason Harris,jason.harris@acquiredco.com,Strategy,Strategy,Recruiter,AC-002803,Full-Time,Brazil,,2024-06-19,acquiredco_hris,hris_employee_id,True
AC-000058,ACQ_00058,AcquiredCo,Ruth,Reyes,Ruth Reyes,ruth.reyes@acquiredco.com,Manufacturing,Manufacturing,Data Engineer,AC-001296,Part-Time,France,,2015-12-27,acquiredco_hris,hris_employee_id,True
AC-000059,ACQ_00059,AcquiredCo,Gary,Ramirez,Gary Ramirez,gary.ramirez@acquiredco.com,Supply Chain,Operations,Solutions Architect,AC-000894,Full-Time,Hong Kong,,2020-06-28,acquiredco_hris,hris_employee_id,True
AC-000060,ACQ_00060,AcquiredCo,Christopher,Thompson,Christopher Thompson,christopher.thompson@acquiredco.com,Human Resources,Human Resources,Data Scientist,AC-001868,Part-Time,Singapore,,2018-03-09,acquiredco_hris,hris_employee_id,True
AC-000061,ACQ_00061,AcquiredCo,Stephanie,Ramos,Stephanie Ramos,stephanie.ramos@acquiredco.com,Legal,Legal,Staff Engineer,AC-002149,Contractor,Netherlands,,2024-01-19,acquiredco_hris,hris_employee_id,True
AC-000062,ACQ_00062,AcquiredCo,Michelle,Wilson,Michelle Wilson,michelle.wilson@acquiredco.com,Legal,Legal,Controller,AC-000227,Full-Time,United Kingdom,,2015-09-30,acquiredco_hris,hris_employee_id,True
AC-000063,ACQ_00063,AcquiredCo,Carol,Thompson,Carol Thompson,carol.thompson@acquiredco.com,Legal,Legal,Controller,AC-000659,Contractor,Ireland,,2020-08-21,acquiredco_hris,hris_employee_id,True
AC-000064,ACQ_00064,AcquiredCo,Frank,Phillips,Frank Phillips,frank.phillips@acquiredco.com,Customer Success,Customer Support,Data Scientist,AC-001671,Part-Time,Hong Kong,,2022-05-21,acquiredco_hris,hris_employee_id,True
AC-000065,ACQ_00065,AcquiredCo,Dennis,Smith,Dennis Smith,dennis.smith@acquiredco.com,Manufacturing,Manufacturing,Analyst,AC-001509,Part-Time,Germany,,2024-12-04,acquiredco_hris,hris_employee_id,True
AC-000066,ACQ_00066,AcquiredCo,Jack,Reyes,Jack Reyes,jack.reyes@acquiredco.com,Communications,Marketing,Senior Product Manager,AC-002531,Part-Time,Mexico,,2023-04-27,acquiredco_hris,hris_employee_id,True
AC-000067,ACQ_00067,AcquiredCo,Lisa,Wright,Lisa Wright,lisa.wright@acquiredco.com,Engineering,Engineering,Operations Manager,AC-000771,Contractor,Singapore,,2024-01-18,acquiredco_hris,hris_employee_id,True
AC-000068,ACQ_00068,AcquiredCo,Nicholas,Kennedy,Nicholas Kennedy,nicholas.kennedy@acquiredco.com,Sales,Sales,Data Analyst,AC-001965,Part-Time,United Kingdom,,2017-06-16,acquiredco_hris,hris_employee_id,True
AC-000069,ACQ_00069,AcquiredCo,Dorothy,Gordon,Dorothy Gordon,dorothy.gordon@acquiredco.com,Customer Success,Customer Support,Senior Product Manager,AC-002930,Contractor,Netherlands,,2019-01-02,acquiredco_hris,hris_employee_id,True
AC-000070,ACQ_00070,AcquiredCo,Jack,Rodriguez,Jack Rodriguez,jack.rodriguez@acquiredco.com,Quality Assurance,Engineering,Senior Product Manager,AC-001283,Contractor,India,,2019-07-24,acquiredco_hris,hris_employee_id,True
AC-000071,ACQ_00071,AcquiredCo,Kimberly,Peterson,Kimberly Peterson,kimberly.peterson@acquiredco.com,Data Science,Data,Sales Director,,Part-Time,Spain,,2018-04-09,acquiredco_hris,hris_employee_id,True
AC-000072,ACQ_00072,AcquiredCo,Richard,Morris,Richard Morris,richard.morris@acquiredco.com,Business Development,Sales,Systems Administrator,AC-001557,Full-Time,Canada,,2017-03-15,acquiredco_hris,hris_employee_id,True
AC-000073,ACQ_00073,AcquiredCo,Cynthia,Sanchez,Cynthia Sanchez,cynthia.sanchez@acquiredco.com,Manufacturing,Manufacturing,Product Manager,AC-002147,Part-Time,Germany,,2022-10-24,acquiredco_hris,hris_employee_id,True
AC-000074,ACQ_00074,AcquiredCo,Sarah,Ramirez,Sarah Ramirez,sarah.ramirez@acquiredco.com,Marketing,Marketing,Marketing Specialist,AC-002803,Contractor,Spain,,2022-12-12,acquiredco_hris,hris_employee_id,True
AC-000075,ACQ_00075,AcquiredCo,Douglas,Perez,Douglas Perez,douglas.perez@acquiredco.com,Strategy,Strategy,Marketing Manager,AC-002096,Full-Time,Hong Kong,,2017-06-04,acquiredco_hris,hris_employee_id,True
AC-000076,ACQ_00076,AcquiredCo,Rebecca,Bennett,Rebecca Bennett,rebecca.bennett@acquiredco.com,Product,Product,QA Lead,AC-002686,Contractor,Sweden,,2023-08-06,acquiredco_hris,hris_employee_id,True
AC-000077,ACQ_00077,AcquiredCo,Rebecca,Warren,Rebecca Warren,rebecca.warren@acquiredco.com,Sales,Sales,Business Analyst,AC-002553,Contractor,Japan,,2020-06-04,acquiredco_hris,hris_employee_id,True
AC-000078,ACQ_00078,AcquiredCo,Anthony,Campbell,Anthony Campbell,anthony.campbell@acquiredco.com,DevOps,Engineering,Systems Administrator,AC-000763,Full-Time,India,,2015-03-27,acquiredco_hris,hris_employee_id,True
AC-000079,ACQ_00079,AcquiredCo,Emma,Henry,Emma Henry,emma.henry@acquiredco.com,Finance,Finance,Business Analyst,AC-002402,Part-Time,South Korea,,2018-08-14,acquiredco_hris,hris_employee_id,True
AC-000080,ACQ_00080,AcquiredCo,Deborah,Nickerson,Deborah Nickerson,deborah.nickerson@acquiredco.com,Sales,Sales,Data Engineer,AC-000387,Part-Time,United Kingdom,,2021-03-12,acquiredco_hris,hris_employee_id,True
AC-000081,ACQ_00081,AcquiredCo,Donald,Reyes,Donald Reyes,donald.reyes@acquiredco.com,Sales,Sales,Quality Assurance Engineer,AC-002691,Part-Time,France,,2015-02-25,acquiredco_hris,hris_employee_id,True
AC-000082,ACQ_00082,AcquiredCo,Nicholas,Crawford,Nicholas Crawford,nicholas.crawford@acquiredco.com,Human Resources,Human Resources,Financial Analyst,AC-001175,Contractor,Hong Kong,,2019-06-02,acquiredco_hris,hris_employee_id,True
AC-000083,ACQ_00083,AcquiredCo,Mary,Hernandez,Mary Hernandez,mary.hernandez@acquiredco.com,Data Science,Data,Quality Assurance Engineer,AC-001196,Part-Time,Mexico,,2020-05-12,acquiredco_hris,hris_employee_id,True
AC-000084,ACQ_00084,AcquiredCo,Rachel,Morris,Rachel Morris,rachel.morris@acquiredco.com,Business Development,Sales,Senior Product Manager,AC-002250,Full-Time,South Korea,,2018-09-16,acquiredco_hris,hris_employee_id,True
AC-000085,ACQ_00085,AcquiredCo,Amanda,Crawford,Amanda Crawford,amanda.crawford@acquiredco.com,Legal,Legal,Sales Representative,AC-000515,Contractor,Spain,,2021-05-28,acquiredco_hris,hris_employee_id,True
AC-000086,ACQ_00086,AcquiredCo,Stephen,Lee,Stephen Lee,stephen.lee@acquiredco.com,Manufacturing,Manufacturing,Analyst,,Contractor,Japan,,2018-03-07,acquiredco_hris,hris_employee_id,True
AC-000087,ACQ_00087,AcquiredCo,Charles,Campbell,Charles Campbell,charles.campbell@acquiredco.com,Business Development,Sales,Consultant,AC-000018,Contractor,South Korea,,2023-08-19,acquiredco_hris,hris_employee_id,True
AC-000088,ACQ_00088,AcquiredCo,Sarah,Torres,Sarah Torres,sarah.torres@acquiredco.com,Data Science,Data,Software Engineer,AC-002366,Full-Time,Hong Kong,,2018-11-04,acquiredco_hris,hris_employee_id,True
AC-000089,ACQ_00089,AcquiredCo,Carolyn,Morris,Carolyn Morris,carolyn.morris@acquiredco.com,Finance,Finance,Financial Analyst,AC-002188,Contractor,Mexico,,2024-10-12,acquiredco_hris,hris_employee_id,True
AC-000090,ACQ_00090,AcquiredCo,Kevin,Wilson,Kevin Wilson,kevin.wilson@acquiredco.com,Supply Chain,Operations,Data Analyst,AC-000133,Contractor,Hong Kong,,2017-03-01,acquiredco_hris,hris_employee_id,True
AC-000091,ACQ_00091,AcquiredCo,Carol,Clark,Carol Clark,carol.clark@acquiredco.com,DevOps,Engineering,Data Analyst,AC-001074,Part-Time,Italy,,2018-08-30,acquiredco_hris,hris_employee_id,True
AC-000092,ACQ_00092,AcquiredCo,Cynthia,White,Cynthia White,cynthia.white@acquiredco.com,Engineering,Engineering,Senior Software Engineer,AC-002079,Contractor,United Kingdom,,2023-06-24,acquiredco_hris,hris_employee_id,True
AC-000093,ACQ_00093,AcquiredCo,Raymond,Price,Raymond Price,raymond.price@acquiredco.com,Manufacturing,Manufacturing,Controller,AC-002758,Contractor,Mexico,,2017-06-02,acquiredco_hris,hris_employee_id,True
AC-000094,ACQ_00094,AcquiredCo,John,Torres,John Torres,john.torres@acquiredco.com,Engineering,Engineering,Accountant,AC-000152,Contractor,Mexico,,2024-02-22,acquiredco_hris,hris_employee_id,True
AC-000095,ACQ_00095,AcquiredCo,Patrick,Gomez,Patrick Gomez,patrick.gomez@acquiredco.com,Data Science,Data,Senior Product Manager,AC-001603,Contractor,United States,,2020-05-27,acquiredco_hris,hris_employee_id,True
AC-000096,ACQ_00096,AcquiredCo,Nicole,Ramos,Nicole Ramos,nicole.ramos@acquiredco.com,Product,Product,Controller,AC-000583,Full-Time,Hong Kong,,2015-12-09,acquiredco_hris,hris_employee_id,True
AC-000097,ACQ_00097,AcquiredCo,Sandra,Moreno,Sandra Moreno,sandra.moreno@acquiredco.com,Legal,Legal,Consultant,AC-002694,Part-Time,Hong Kong,,2023-11-20,acquiredco_hris,hris_employee_id,True
AC-000098,ACQ_00098,AcquiredCo,Benjamin,Walker,Benjamin Walker,benjamin.walker@acquiredco.com,Supply Chain,Operations,Marketing Specialist,AC-000711,Part-Time,Singapore,,2020-03-26,acquiredco_hris,hris_employee_id,True
AC-000099,ACQ_00099,AcquiredCo,Elizabeth,Gomez,Elizabeth Gomez,elizabeth.gomez@acquiredco.com,Communications,Marketing,Senior Software Engineer,AC-001115,Part-Time,Sweden,,2018-04-29,acquiredco_hris,hris_employee_id,True
AC-000100,ACQ_00100,AcquiredCo,Ruth,Lee,Ruth Lee,ruth.lee@acquiredco.com,Business Development,Sales,Financial Analyst,AC-001699,Full-Time,Hong Kong,,2018-09-02,acquiredco_hris,hris_employee_id,True
AC-000101,ACQ_00101,AcquiredCo,Robert,Boyd,Robert Boyd,robert.boyd@acquiredco.com,Engineering,Engineering,Sales Representative,AC-001396,Full-Time,Netherlands,,2018-05-12,acquiredco_hris,hris_employee_id,True
AC-000102,ACQ_00102,AcquiredCo,Edward,Garrison,Edward Garrison,edward.garrison@acquiredco.com,Customer Success,Customer Support,QA Lead,AC-002482,Contractor,Hong Kong,,2022-06-17,acquiredco_hris,hris_employee_id,True
AC-000103,ACQ_00103,AcquiredCo,Jacob,Taylor,Jacob Taylor,jacob.taylor@acquiredco.com,Marketing,Marketing,Data Analyst,AC-002428,Full-Time,Canada,,2020-10-10,acquiredco_hris,hris_employee_id,True
AC-000104,ACQ_00104,AcquiredCo,Kathleen,Garrison,Kathleen Garrison,kathleen.garrison@acquiredco.com,DevOps,Engineering,Marketing Specialist,AC-001287,Full-Time,South Korea,,2024-01-18,acquiredco_hris,hris_employee_id,True
AC-000105,ACQ_00105,AcquiredCo,Samuel,Shelton,Samuel Shelton,samuel.shelton@acquiredco.com,Business Development,Sales,Financial Analyst,AC-000825,Part-Time,India,,2021-11-19,acquiredco_hris,hris_employee_id,True
AC-000106,ACQ_00106,AcquiredCo,Peter,Edwards,Peter Edwards,peter.edwards@acquiredco.com,Customer Success,Customer Support,Consultant,AC-002486,Part-Time,South Korea,,2020-01-19,acquiredco_hris,hris_employee_id,True
AC-000107,ACQ_00107,AcquiredCo,Anna,Collins,Anna Collins,anna.collins@acquiredco.com,Communications,Marketing,Sales Representative,AC-000890,Contractor,Mexico,,2015-01-10,acquiredco_hris,hris_employee_id,True
AC-000108,ACQ_00108,AcquiredCo,William,King,William King,william.king@acquiredco.com,Manufacturing,Manufacturing,Quality Assurance Engineer,AC-002072,Part-Time,Ireland,,2017-08-09,acquiredco_hris,hris_employee_id,True
AC-000109,ACQ_00109,AcquiredCo,Angela,Anderson,Angela Anderson,angela.anderson@acquiredco.com,Legal,Legal,Sales Director,AC-001785,Full-Time,United Kingdom,,2015-08-22,acquiredco_hris,hris_employee_id,True
AC-000110,ACQ_00110,AcquiredCo,Dorothy,Peterson,Dorothy Peterson,dorothy.peterson@acquiredco.com,Human Resources,Human Resources,Systems Administrator,AC-001422,Contractor,China,,2015-07-31,acquiredco_hris,hris_employee_id,True
AC-000111,ACQ_00111,AcquiredCo,Deborah,Crawford,Deborah Crawford,deborah.crawford@acquiredco.com,DevOps,Engineering,Project Manager,AC-001464,Contractor,United Kingdom,,2018-05-13,acquiredco_hris,hris_employee_id,True
AC-000112,ACQ_00112,AcquiredCo,Christine,White,Christine White,christine.white@acquiredco.com,Engineering,Engineering,Senior Product Manager,AC-001207,Contractor,Singapore,,2024-06-08,acquiredco_hris,hris_employee_id,True
AC-000113,ACQ_00113,AcquiredCo,Henry,Hicks,Henry Hicks,henry.hicks@acquiredco.com,Legal,Legal,Operations Manager,AC-001332,Full-Time,Singapore,,2018-11-05,acquiredco_hris,hris_employee_id,True
AC-000114,ACQ_00114,AcquiredCo,Douglas,Hicks,Douglas Hicks,douglas.hicks@acquiredco.com,Information Technology,Information Technology,Business Analyst,,Full-Time,France,,2017-07-14,acquiredco_hris,hris_employee_id,True
AC-000115,ACQ_00115,AcquiredCo,Christopher,Scott,Christopher Scott,christopher.scott@acquiredco.com,Operations,Operations,Marketing Manager,AC-002500,Part-Time,United Kingdom,,2019-05-14,acquiredco_hris,hris_employee_id,True
AC-000116,ACQ_00116,AcquiredCo,Michael,Gordon,Michael Gordon,michael.gordon@acquiredco.com,Customer Success,Customer Support,HR Manager,AC-002171,Part-Time,United States,,2019-08-19,acquiredco_hris,hris_employee_id,True
AC-000117,ACQ_00117,AcquiredCo,Brian,Williams,Brian Williams,brian.williams@acquiredco.com,Finance,Finance,Product Manager,AC-002669,Contractor,Netherlands,,2018-05-29,acquiredco_hris,hris_employee_id,True
AC-000118,ACQ_00118,AcquiredCo,Jason,Dixon,Jason Dixon,jason.dixon@acquiredco.com,Operations,Operations,Solutions Architect,AC-000682,Full-Time,Australia,,2024-11-03,acquiredco_hris,hris_employee_id,True
AC-000119,ACQ_00119,AcquiredCo,Sharon,Rogers,Sharon Rogers,sharon.rogers@acquiredco.com,Customer Success,Customer Support,Quality Assurance Engineer,AC-000822,Contractor,Germany,,2022-05-18,acquiredco_hris,hris_employee_id,True
AC-000120,ACQ_00120,AcquiredCo,William,Parker,William Parker,william.parker@acquiredco.com,Legal,Legal,Operations Manager,AC-000720,Contractor,Ireland,,2024-12-03,acquiredco_hris,hris_employee_id,True
AC-000121,ACQ_00121,AcquiredCo,Ruth,White,Ruth White,ruth.white@acquiredco.com,Operations,Operations,Controller,AC-001115,Contractor,France,,2023-07-18,acquiredco_hris,hris_employee_id,True
AC-000122,ACQ_00122,AcquiredCo,Pamela,Phillips,Pamela Phillips,pamela.phillips@acquiredco.com,Information Technology,Information Technology,Product Manager,AC-002158,Part-Time,Hong Kong,,2019-12-24,acquiredco_hris,hris_employee_id,True
AC-000123,ACQ_00123,AcquiredCo,Robert,Boyd,Robert Boyd,robert.boyd@acquiredco.com,Business Development,Sales,Data Engineer,AC-001154,Contractor,Spain,,2016-09-21,acquiredco_hris,hris_employee_id,True
AC-000124,ACQ_00124,AcquiredCo,Nicholas,Stevens,Nicholas Stevens,nicholas.stevens@acquiredco.com,Strategy,Strategy,HR Specialist,AC-002954,Contractor,Germany,,2020-12-26,acquiredco_hris,hris_employee_id,True
AC-000125,ACQ_00125,AcquiredCo,Amanda,Young,Amanda Young,amanda.young@acquiredco.com,Human Resources,Human Resources,Staff Engineer,AC-002232,Part-Time,Japan,,2020-11-17,acquiredco_hris,hris_employee_id,True
AC-000126,ACQ_00126,AcquiredCo,Rebecca,Davis,Rebecca Davis,rebecca.davis@acquiredco.com,Finance,Finance,Senior Software Engineer,AC-002137,Part-Time,Netherlands,,2020-03-04,acquiredco_hris,hris_employee_id,True
AC-000127,ACQ_00127,AcquiredCo,Michael,Moore,Michael Moore,michael.moore@acquiredco.com,Engineering,Engineering,Data Engineer,AC-001946,Contractor,Brazil,,2024-04-20,acquiredco_hris,hris_employee_id,True
AC-000128,ACQ_00128,AcquiredCo,Scott,Perez,Scott Perez,scott.perez@acquiredco.com,Customer Success,Customer Support,Recruiter,AC-001763,Part-Time,South Korea,,2024-04-11,acquiredco_hris,hris_employee_id,True
AC-000129,ACQ_00129,AcquiredCo,Kimberly,Hernandez,Kimberly Hernandez,kimberly.hernandez@acquiredco.com,Customer Success,Customer Support,QA Lead,AC-000068,Part-Time,China,,2022-05-12,acquiredco_hris,hris_employee_id,True
AC-000130,ACQ_00130,AcquiredCo,Kenneth,Gomez,Kenneth Gomez,kenneth.gomez@acquiredco.com,Customer Success,Customer Support,Staff Engineer,AC-000626,Full-Time,Germany,,2024-08-12,acquiredco_hris,hris_employee_id,True
AC-000131,ACQ_00131,AcquiredCo,Barbara,Bennett,Barbara Bennett,barbara.bennett@acquiredco.com,Quality Assurance,Engineering,Quality Assurance Engineer,AC-000981,Contractor,Brazil,,2019-08-14,acquiredco_hris,hris_employee_id,True
AC-000132,ACQ_00132,AcquiredCo,Daniel,Allen,Daniel Allen,daniel.allen@acquiredco.com,Finance,Finance,Data Analyst,AC-000396,Part-Time,Hong Kong,,2016-02-28,acquiredco_hris,hris_employee_id,True
AC-000133,ACQ_00133,AcquiredCo,Susan,Williams,Susan Williams,susan.williams@acquiredco.com,Quality Assurance,Engineering,Product Manager,,Full-Time,Canada,,2017-05-27,acquiredco_hris,hris_employee_id,True
AC-000134,ACQ_00134,AcquiredCo,Cynthia,Williams,Cynthia Williams,cynthia.williams@acquiredco.com,Quality Assurance,Engineering,Data Engineer,AC-000105,Contractor,Singapore,,2018-03-07,acquiredco_hris,hris_employee_id,True
AC-000135,ACQ_00135,AcquiredCo,Matthew,Rodriguez,Matthew Rodriguez,matthew.rodriguez@acquiredco.com,Data Science,Data,Account Executive,AC-002841,Full-Time,Spain,,2017-02-26,acquiredco_hris,hris_employee_id,True
AC-000136,ACQ_00136,AcquiredCo,Dorothy,Parker,Dorothy Parker,dorothy.parker@acquiredco.com,Business Development,Sales,Product Manager,AC-000919,Contractor,Hong Kong,,2022-02-10,acquiredco_hris,hris_employee_id,True
AC-000137,ACQ_00137,AcquiredCo,Patricia,Walker,Patricia Walker,patricia.walker@acquiredco.com,Business Development,Sales,Software Engineer,AC-002128,Part-Time,Netherlands,,2016-05-12,acquiredco_hris,hris_employee_id,True
AC-000138,ACQ_00138,AcquiredCo,Debra,Jones,Debra Jones,debra.jones@acquiredco.com,Legal,Legal,Product Manager,AC-000831,Contractor,India,,2019-11-20,acquiredco_hris,hris_employee_id,True
AC-000139,ACQ_00139,AcquiredCo,Christopher,Knox,Christopher Knox,christopher.knox@acquiredco.com,Human Resources,Human Resources,Financial Analyst,AC-002375,Full-Time,Sweden,,2020-02-17,acquiredco_hris,hris_employee_id,True
AC-000140,ACQ_00140,AcquiredCo,Jeffrey,Mason,Jeffrey Mason,jeffrey.mason@acquiredco.com,Operations,Operations,Senior Software Engineer,AC-001598,Contractor,Hong Kong,,2019-12-03,acquiredco_hris,hris_employee_id,True
AC-000141,ACQ_00141,AcquiredCo,Rebecca,Williams,Rebecca Williams,rebecca.williams@acquiredco.com,Data Science,Data,Solutions Architect,AC-002327,Part-Time,South Korea,,2024-09-01,acquiredco_hris,hris_employee_id,True
AC-000142,ACQ_00142,AcquiredCo,Michelle,Martinez,Michelle Martinez,michelle.martinez@acquiredco.com,Finance,Finance,Senior Software Engineer,AC-000378,Full-Time,Australia,,2021-10-30,acquiredco_hris,hris_employee_id,True
AC-000143,ACQ_00143,AcquiredCo,Joshua,Cooper,Joshua Cooper,joshua.cooper@acquiredco.com,Supply Chain,Operations,Software Engineer,AC-002397,Full-Time,Canada,,2017-10-31,acquiredco_hris,hris_employee_id,True
AC-000144,ACQ_00144,AcquiredCo,Tyler,Williams,Tyler Williams,tyler.williams@acquiredco.com,Product,Product,Financial Analyst,AC-002203,Full-Time,Sweden,,2015-05-27,acquiredco_hris,hris_employee_id,True
AC-000145,ACQ_00145,AcquiredCo,Ruth,Hernandez,Ruth Hernandez,ruth.hernandez@acquiredco.com,Sales,Sales,Marketing Specialist,AC-000666,Contractor,Netherlands,,2017-08-29,acquiredco_hris,hris_employee_id,True
AC-000146,ACQ_00146,AcquiredCo,Mary,Robinson,Mary Robinson,mary.robinson@acquiredco.com,Business Development,Sales,Consultant,AC-001740,Full-Time,Canada,,2022-05-04,acquiredco_hris,hris_employee_id,True
AC-000147,ACQ_00147,AcquiredCo,Richard,Peterson,Richard Peterson,richard.peterson@acquiredco.com,Data Science,Data,Product Manager,AC-002587,Contractor,South Korea,,2017-06-10,acquiredco_hris,hris_employee_id,True
AC-000148,ACQ_00148,AcquiredCo,Gregory,Henry,Gregory Henry,gregory.henry@acquiredco.com,Marketing,Marketing,Systems Administrator,AC-002524,Part-Time,United Kingdom,,2017-08-14,acquiredco_hris,hris_employee_id,True
AC-000149,ACQ_00149,AcquiredCo,Amanda,Cooper,Amanda Cooper,amanda.cooper@acquiredco.com,Marketing,Marketing,Senior Software Engineer,AC-000705,Part-Time,Mexico,,2016-12-19,acquiredco_hris,hris_employee_id,True
AC-000150,ACQ_00150,AcquiredCo,Jennifer,Reed,Jennifer Reed,jennifer.reed@acquiredco.com,Communications,Marketing,Controller,AC-002623,Full-Time,Japan,,2016-08-31,acquiredco_hris,hris_employee_id,True
AC-000151,ACQ_00151,AcquiredCo,Kimberly,Johnson,Kimberly Johnson,kimberly.johnson@acquiredco.com,Supply Chain,Operations,Sales Representative,AC-000491,Contractor,Spain,,2016-08-23,acquiredco_hris,hris_employee_id,True
AC-000152,ACQ_00152,AcquiredCo,Amy,Smith,Amy Smith,amy.smith@acquiredco.com,Data Science,Data,Data Engineer,AC-001760,Contractor,Brazil,,2019-04-29,acquiredco_hris,hris_employee_id,True
AC-000153,ACQ_00153,AcquiredCo,Nicholas,Bell,Nicholas Bell,nicholas.bell@acquiredco.com,Finance,Finance,Data Scientist,AC-001725,Part-Time,Spain,,2019-06-06,acquiredco_hris,hris_employee_id,True
AC-000154,ACQ_00154,AcquiredCo,Ashley,Morgan,Ashley Morgan,ashley.morgan@acquiredco.com,Operations,Operations,Data Scientist,AC-002912,Contractor,Japan,,2015-07-16,acquiredco_hris,hris_employee_id,True
AC-000155,ACQ_00155,AcquiredCo,Brian,Jackson,Brian Jackson,brian.jackson@acquiredco.com,Manufacturing,Manufacturing,Marketing Manager,,Part-Time,Netherlands,,2023-01-23,acquiredco_hris,hris_employee_id,True
AC-000156,ACQ_00156,AcquiredCo,Mary,Young,Mary Young,mary.young@acquiredco.com,Human Resources,Human Resources,Operations Manager,AC-000715,Full-Time,Mexico,,2022-07-09,acquiredco_hris,hris_employee_id,True
AC-000157,ACQ_00157,AcquiredCo,Jeffrey,Young,Jeffrey Young,jeffrey.young@acquiredco.com,Human Resources,Human Resources,Sales Representative,AC-001629,Part-Time,Switzerland,,2023-07-09,acquiredco_hris,hris_employee_id,True
AC-000158,ACQ_00158,AcquiredCo,Henry,Garcia,Henry Garcia,henry.garcia@acquiredco.com,Data Science,Data,Data Analyst,AC-001311,Full-Time,Switzerland,,2019-02-16,acquiredco_hris,hris_employee_id,True
AC-000159,ACQ_00159,AcquiredCo,Richard,Garcia,Richard Garcia,richard.garcia@acquiredco.com,DevOps,Engineering,Project Manager,AC-002697,Part-Time,Australia,,2020-12-17,acquiredco_hris,hris_employee_id,True
AC-000160,ACQ_00160,AcquiredCo,Charles,Anderson,Charles Anderson,charles.anderson@acquiredco.com,Sales,Sales,Senior Software Engineer,AC-000726,Contractor,Hong Kong,,2020-02-29,acquiredco_hris,hris_employee_id,True
AC-000161,ACQ_00161,AcquiredCo,Stephanie,Harris,Stephanie Harris,stephanie.harris@acquiredco.com,Data Science,Data,HR Specialist,AC-002170,Full-Time,Hong Kong,,2017-07-28,acquiredco_hris,hris_employee_id,True
AC-000162,ACQ_00162,AcquiredCo,Barbara,Young,Barbara Young,barbara.young@acquiredco.com,Business Development,Sales,Account Executive,AC-001115,Contractor,Japan,,2021-02-10,acquiredco_hris,hris_employee_id,True
AC-000163,ACQ_00163,AcquiredCo,Mary,Warren,Mary Warren,mary.warren@acquiredco.com,Operations,Operations,Systems Administrator,AC-002080,Full-Time,United Kingdom,,2020-01-16,acquiredco_hris,hris_employee_id,True
AC-000164,ACQ_00164,AcquiredCo,Dennis,Nickerson,Dennis Nickerson,dennis.nickerson@acquiredco.com,Data Science,Data,Accountant,AC-002685,Full-Time,Sweden,,2016-08-26,acquiredco_hris,hris_employee_id,True
AC-000165,ACQ_00165,AcquiredCo,Helen,Edwards,Helen Edwards,helen.edwards@acquiredco.com,Business Development,Sales,Consultant,AC-002471,Full-Time,South Korea,,2022-03-23,acquiredco_hris,hris_employee_id,True
AC-000166,ACQ_00166,AcquiredCo,Kenneth,Burns,Kenneth Burns,kenneth.burns@acquiredco.com,Operations,Operations,Business Analyst,AC-000687,Part-Time,Brazil,,2024-07-04,acquiredco_hris,hris_employee_id,True
AC-000167,ACQ_00167,AcquiredCo,Anna,Wilson,Anna Wilson,anna.wilson@acquiredco.com,Manufacturing,Manufacturing,Business Analyst,AC-002956,Full-Time,Italy,,2017-05-01,acquiredco_hris,hris_employee_id,True
AC-000168,ACQ_00168,AcquiredCo,Joseph,Gonzalez,Joseph Gonzalez,joseph.gonzalez@acquiredco.com,Customer Success,Customer Support,Accountant,AC-000475,Full-Time,Switzerland,,2024-04-25,acquiredco_hris,hris_employee_id,True
AC-000169,ACQ_00169,AcquiredCo,Donna,Lee,Donna Lee,donna.lee@acquiredco.com,Engineering,Engineering,Analyst,,Full-Time,Australia,,2017-11-19,acquiredco_hris,hris_employee_id,True
AC-000170,ACQ_00170,AcquiredCo,Ashley,King,Ashley King,ashley.king@acquiredco.com,Operations,Operations,Account Executive,AC-000476,Part-Time,India,,2019-06-10,acquiredco_hris,hris_employee_id,True
AC-000171,ACQ_00171,AcquiredCo,Gary,Martin,Gary Martin,gary.martin@acquiredco.com,Business Development,Sales,Analyst,AC-000740,Contractor,Sweden,,2022-05-19,acquiredco_hris,hris_employee_id,True
AC-000172,ACQ_00172,AcquiredCo,Barbara,Hernandez,Barbara Hernandez,barbara.hernandez@acquiredco.com,Quality Assurance,Engineering,Data Scientist,AC-000968,Part-Time,Mexico,,2015-04-28,acquiredco_hris,hris_employee_id,True
AC-000173,ACQ_00173,AcquiredCo,Alexander,Fox,Alexander Fox,alexander.fox@acquiredco.com,Finance,Finance,Marketing Manager,AC-000455,Part-Time,Singapore,,2015-04-01,acquiredco_hris,hris_employee_id,True
AC-000174,ACQ_00174,AcquiredCo,Michelle,Burns,Michelle Burns,michelle.burns@acquiredco.com,Strategy,Strategy,Project Manager,AC-002649,Full-Time,South Korea,,2018-01-22,acquiredco_hris,hris_employee_id,True
AC-000175,ACQ_00175,AcquiredCo,Benjamin,Moreno,Benjamin Moreno,benjamin.moreno@acquiredco.com,Customer Success,Customer Support,Data Analyst,,Full-Time,Hong Kong,,2020-08-21,acquiredco_hris,hris_employee_id,True
AC-000176,ACQ_00176,AcquiredCo,Amanda,Lee,Amanda Lee,amanda.lee@acquiredco.com,Communications,Marketing,Project Manager,AC-001268,Part-Time,Italy,,2019-01-14,acquiredco_hris,hris_employee_id,True
AC-000177,ACQ_00177,AcquiredCo,Christine,Brown,Christine Brown,christine.brown@acquiredco.com,Customer Success,Customer Support,Data Engineer,AC-001199,Contractor,Australia,,2018-10-20,acquiredco_hris,hris_employee_id,True
AC-000178,ACQ_00178,AcquiredCo,Kathleen,Hernandez,Kathleen Hernandez,kathleen.hernandez@acquiredco.com,Operations,Operations,Operations Manager,AC-002753,Full-Time,Hong Kong,,2018-11-21,acquiredco_hris,hris_employee_id,True
AC-000179,ACQ_00179,AcquiredCo,Barbara,Ramirez,Barbara Ramirez,barbara.ramirez@acquiredco.com,Manufacturing,Manufacturing,Account Executive,AC-001864,Contractor,Germany,,2018-09-24,acquiredco_hris,hris_employee_id,True
AC-000180,ACQ_00180,AcquiredCo,Carolyn,Torres,Carolyn Torres,carolyn.torres@acquiredco.com,Data Science,Data,Product Manager,AC-002092,Contractor,Germany,,2024-06-08,acquiredco_hris,hris_employee_id,True
AC-000181,ACQ_00181,AcquiredCo,Daniel,Garrison,Daniel Garrison,daniel.garrison@acquiredco.com,DevOps,Engineering,Marketing Specialist,AC-001842,Full-Time,Sweden,,2020-08-25,acquiredco_hris,hris_employee_id,True
AC-000182,ACQ_00182,AcquiredCo,Gregory,Bell,Gregory Bell,gregory.bell@acquiredco.com,Data Science,Data,Business Analyst,AC-001917,Full-Time,Ireland,,2015-10-16,acquiredco_hris,hris_employee_id,True
AC-000183,ACQ_00183,AcquiredCo,Barbara,Wright,Barbara Wright,barbara.wright@acquiredco.com,Finance,Finance,Operations Manager,,Part-Time,Switzerland,,2022-09-03,acquiredco_hris,hris_employee_id,True
AC-000184,ACQ_00184,AcquiredCo,Charles,Rodriguez,Charles Rodriguez,charles.rodriguez@acquiredco.com,Engineering,Engineering,Project Manager,AC-000658,Full-Time,South Korea,,2022-04-22,acquiredco_hris,hris_employee_id,True
AC-000185,ACQ_00185,AcquiredCo,Patrick,Lee,Patrick Lee,patrick.lee@acquiredco.com,Human Resources,Human Resources,Consultant,AC-002288,Part-Time,Spain,,2020-11-24,acquiredco_hris,hris_employee_id,True
AC-000186,ACQ_00186,AcquiredCo,Carol,Martinez,Carol Martinez,carol.martinez@acquiredco.com,Strategy,Strategy,Sales Representative,AC-000194,Contractor,Switzerland,,2024-05-04,acquiredco_hris,hris_employee_id,True
AC-000187,ACQ_00187,AcquiredCo,Linda,Davis,Linda Davis,linda.davis@acquiredco.com,Supply Chain,Operations,Controller,AC-002971,Part-Time,Spain,,2023-11-30,acquiredco_hris,hris_employee_id,True
AC-000188,ACQ_00188,AcquiredCo,Sharon,Martinez,Sharon Martinez,sharon.martinez@acquiredco.com,Business Development,Sales,Senior Software Engineer,AC-002706,Contractor,Singapore,,2023-10-26,acquiredco_hris,hris_employee_id,True
AC-000189,ACQ_00189,AcquiredCo,Patricia,Perez,Patricia Perez,patricia.perez@acquiredco.com,Manufacturing,Manufacturing,QA Lead,AC-002580,Full-Time,Singapore,,2024-09-04,acquiredco_hris,hris_employee_id,True
AC-000190,ACQ_00190,AcquiredCo,Sandra,Russell,Sandra Russell,sandra.russell@acquiredco.com,Engineering,Engineering,Operations Manager,AC-002947,Part-Time,Hong Kong,,2022-07-12,acquiredco_hris,hris_employee_id,True
AC-000191,ACQ_00191,AcquiredCo,Stephanie,Wright,Stephanie Wright,stephanie.wright@acquiredco.com,Information Technology,Information Technology,Analyst,AC-000956,Contractor,Canada,,2021-10-25,acquiredco_hris,hris_employee_id,True
AC-000192,ACQ_00192,AcquiredCo,Samuel,Lee,Samuel Lee,samuel.lee@acquiredco.com,Communications,Marketing,Marketing Manager,AC-002602,Contractor,Mexico,,2020-10-06,acquiredco_hris,hris_employee_id,True
AC-000193,ACQ_00193,AcquiredCo,Carolyn,Brown,Carolyn Brown,carolyn.brown@acquiredco.com,Human Resources,Human Resources,Staff Engineer,AC-000059,Full-Time,Switzerland,,2017-02-08,acquiredco_hris,hris_employee_id,True
AC-000194,ACQ_00194,AcquiredCo,Rachel,Ramos,Rachel Ramos,rachel.ramos@acquiredco.com,Quality Assurance,Engineering,Sales Representative,AC-000200,Contractor,Germany,,2021-12-05,acquiredco_hris,hris_employee_id,True
AC-000195,ACQ_00195,AcquiredCo,Jack,Sanchez,Jack Sanchez,jack.sanchez@acquiredco.com,Legal,Legal,Senior Software Engineer,AC-000087,Contractor,Spain,,2023-11-11,acquiredco_hris,hris_employee_id,True
AC-000196,ACQ_00196,AcquiredCo,Debra,Crawford,Debra Crawford,debra.crawford@acquiredco.com,Engineering,Engineering,Sales Representative,AC-001895,Part-Time,Spain,,2015-04-27,acquiredco_hris,hris_employee_id,True
AC-000197,ACQ_00197,AcquiredCo,Helen,Perez,Helen Perez,helen.perez@acquiredco.com,Sales,Sales,Staff Engineer,,Full-Time,Germany,,2020-10-05,acquiredco_hris,hris_employee_id,True
AC-000198,ACQ_00198,AcquiredCo,Charles,Bell,Charles Bell,charles.bell@acquiredco.com,Engineering,Engineering,Consultant,AC-000024,Full-Time,France,,2017-04-06,acquiredco_hris,hris_employee_id,True
AC-000199,ACQ_00199,AcquiredCo,Mary,Mason,Mary Mason,mary.mason@acquiredco.com,Information Technology,Information Technology,Consultant,AC-000709,Full-Time,United Kingdom,,2021-05-08,acquiredco_hris,hris_employee_id,True
AC-000001,ACQ_DUP_00001,AcquiredCo,Edwar,Reed,Edwar Reed,edward.reed@acquiredco.com,Quality Assurance,Engineering,Product Manager,,Contractor,South Korea,,2017-03-24,acquiredco_hris,hris_employee_id,False
AC-000002,ACQ_DUP_00002,AcquiredCo,Paul,Peterson,Paul Peterson,paul.peterson@acquiredco.com,Sales,Sales,QA Lead,,Full-Time,Sweden,,2020-08-04,acquiredco_hris,hris_employee_id,False
AC-000003,ACQ_DUP_00003,AcquiredCo,Ronal,Lewis,Ronal Lewis,ronald.lewis@acquiredco.com,Information Technology,Information Technology,Data Analyst,,Part-Time,Mexico,,2021-07-15,acquiredco_hris,hris_employee_id,False
AC-000004,ACQ_DUP_00004,AcquiredCo,Jerr,Boyd,Jerr Boyd,jerry.boyd@acquiredco.com,Strategy,Strategy,Solutions Architect,,Full-Time,Singapore,,2023-09-02,acquiredco_hris,hris_employee_id,False
AC-000005,ACQ_DUP_00005,AcquiredCo,Brandon,Johnson,Brandon Johnson,brandon.johnson@acquiredco.com,Manufacturing,Manufacturing,Analyst,,Full-Time,Hong Kong,,2019-07-16,acquiredco_hris,hris_employee_id,False
AC-000006,ACQ_DUP_00006,AcquiredCo,Pamel,Robinson,Pamel Robinson,pamela.robinson@acquiredco.com,Product,Product,Product Manager,,Full-Time,Netherlands,,2017-09-19,acquiredco_hris,hris_employee_id,False
AC-000007,ACQ_DUP_00007,AcquiredCo,Debra,Rodriguez,Debra Rodriguez,debra.rodriguez@acquiredco.com,Business Development,Sales,Senior Product Manager,,Part-Time,Italy,,2018-01-30,acquiredco_hris,hris_employee_id,False
AC-000008,ACQ_DUP_00008,AcquiredCo,Grego,Nickerson,Grego Nickerson,gregory.nickerson@acquiredco.com,Communications,Marketing,Operations Manager,,Part-Time,Mexico,,2023-09-14,acquiredco_hris,hris_employee_id,False
AC-000009,ACQ_DUP_00009,AcquiredCo,Hel,Scott,Hel Scott,helen.scott@acquiredco.com,Supply Chain,Operations,Sales Director,,Full-Time,Japan,,2021-05-20,acquiredco_hris,hris_employee_id,False
AC-000010,ACQ_DUP_00010,AcquiredCo,Samue,White,Samue White,samuel.white@acquiredco.com,Communications,Marketing,Senior Software Engineer,,Full-Time,Netherlands,,2018-08-15,acquiredco_hris,hris_employee_id,False
AC-000011,ACQ_DUP_00011,AcquiredCo,Lis,Thomas,Lis Thomas,lisa.thomas@acquiredco.com,DevOps,Engineering,Data Engineer,,Part-Time,Spain,,2017-03-21,acquiredco_hris,hris_employee_id,False
AC-000012,ACQ_DUP_00012,AcquiredCo,Step,Rogers,Step Rogers,stephen.rogers@acquiredco.com,DevOps,Engineering,QA Lead,,Part-Time,Australia,,2023-11-22,acquiredco_hris,hris_employee_id,False
AC-000013,ACQ_DUP_00013,AcquiredCo,Rach,Lee,Rach Lee,rachel.lee@acquiredco.com,Data Science,Data,Controller,,Full-Time,Hong Kong,,2020-01-27,acquiredco_hris,hris_employee_id,False
AC-000014,ACQ_DUP_00014,AcquiredCo,Ange,Reyes,Ange Reyes,angela.reyes@acquiredco.com,Supply Chain,Operations,Software Engineer,,Full-Time,Sweden,,2016-09-25,acquiredco_hris,hris_employee_id,False
AC-000015,ACQ_DUP_00015,AcquiredCo,John,Reyes,John Reyes,john.reyes@acquiredco.com,Communications,Marketing,Solutions Architect,,Full-Time,Mexico,,2021-08-21,acquiredco_hris,hris_employee_id,False
AC-000016,ACQ_DUP_00016,AcquiredCo,Larr,Torres,Larr Torres,larry.torres@acquiredco.com,DevOps,Engineering,Consultant,,Full-Time,Sweden,,2018-05-17,acquiredco_hris,hris_employee_id,False
AC-000017,ACQ_DUP_00017,AcquiredCo,Stephe,King,Stephe King,stephen.king@acquiredco.com,Legal,Legal,Sales Director,,Contractor,Switzerland,,2017-07-10,acquiredco_hris,hris_employee_id,False
AC-000018,ACQ_DUP_00018,AcquiredCo,Joe,Russell,Joe Russell,joseph.russell@acquiredco.com,Product,Product,Staff Engineer,,Contractor,China,,2019-02-17,acquiredco_hris,hris_employee_id,False
AC-000019,ACQ_DUP_00019,AcquiredCo,And,Miller,And Miller,andrew.miller@acquiredco.com,Product,Product,Accountant,,Contractor,Brazil,,2019-01-08,acquiredco_hris,hris_employee_id,False
AC-000020,ACQ_DUP_00020,AcquiredCo,San,Hicks,San Hicks,sandra.hicks@acquiredco.com,Sales,Sales,Consultant,,Full-Time,Mexico,,2020-03-01,acquiredco_hris,hris_employee_id,False
AC-000021,ACQ_DUP_00021,AcquiredCo,Benja,Mason,Benja Mason,benjamin.mason@acquiredco.com,Data Science,Data,Staff Engineer,,Contractor,United States,,2018-04-19,acquiredco_hris,hris_employee_id,False
AC-000022,ACQ_DUP_00022,AcquiredCo,Aar,Jones,Aar Jones,aaron.jones@acquiredco.com,Legal,Legal,Staff Engineer,,Contractor,Hong Kong,,2015-03-26,acquiredco_hris,hris_employee_id,False
AC-000023,ACQ_DUP_00023,AcquiredCo,Rach,Bell,Rach Bell,rachel.bell@acquiredco.com,Customer Success,Customer Support,Staff Engineer,,Contractor,China,,2019-06-10,acquiredco_hris,hris_employee_id,False
AC-000024,ACQ_DUP_00024,AcquiredCo,Tim,Smith,Tim Smith,timothy.smith@acquiredco.com,Sales,Sales,Senior Software Engineer,,Full-Time,Mexico,,2023-12-12,acquiredco_hris,hris_employee_id,False
AC-000025,ACQ_DUP_00025,AcquiredCo,Rach,Anderson,Rach Anderson,rachel.anderson@acquiredco.com,Finance,Finance,Staff Engineer,,Contractor,Germany,,2020-08-02,acquiredco_hris,hris_employee_id,False
AC-000026,ACQ_DUP_00026,AcquiredCo,Larr,Miller,Larr Miller,larry.miller@acquiredco.com,Data Science,Data,Quality Assurance Engineer,,Full-Time,Japan,,2020-06-27,acquiredco_hris,hris_employee_id,False
AC-000027,ACQ_DUP_00027,AcquiredCo,Pete,King,Pete King,peter.king@acquiredco.com,Operations,Operations,Marketing Specialist,,Contractor,South Korea,,2022-10-04,acquiredco_hris,hris_employee_id,False
AC-000028,ACQ_DUP_00028,AcquiredCo,Bri,Clark,Bri Clark,brian.clark@acquiredco.com,Human Resources,Human Resources,HR Specialist,,Contractor,India,,2017-01-05,acquiredco_hris,hris_employee_id,False
AC-000029,ACQ_DUP_00029,AcquiredCo,Maggie,Campbell,Maggie Campbell,margaret.campbell@acquiredco.com,Finance,Finance,Marketing Specialist,,Part-Time,Mexico,,2024-10-03,acquiredco_hris,hris_employee_id,False
AC-000030,ACQ_DUP_00030,AcquiredCo,Ryan,Phillips,Ryan Phillips,ryan.phillips@acquiredco.com,Finance,Finance,Accountant,,Contractor,Germany,,2023-10-14,acquiredco_hris,hris_employee_id,False
AC-000031,ACQ_DUP_00031,AcquiredCo,Bill,White,Bill White,william.white@acquiredco.com,Product,Product,Controller,,Part-Time,India,,2019-10-14,acquiredco_hris,hris_employee_id,False
AC-000032,ACQ_DUP_00032,AcquiredCo,Lisa,Jackson,Lisa Jackson,lisa.jackson@acquiredco.com,Manufacturing,Manufacturing,Sales Representative,,Contractor,Switzerland,,2023-01-29,acquiredco_hris,hris_employee_id,False
AC-000033,ACQ_DUP_00033,AcquiredCo,Scot,Cooper,Scot Cooper,scott.cooper@acquiredco.com,Manufacturing,Manufacturing,Data Engineer,,Contractor,Singapore,,2023-08-03,acquiredco_hris,hris_employee_id,False
AC-000034,ACQ_DUP_00034,AcquiredCo,Brando,Price,Brando Price,brandon.price@acquiredco.com,Engineering,Engineering,Financial Analyst,,Part-Time,Switzerland,,2022-04-14,acquiredco_hris,hris_employee_id,False
AC-000035,ACQ_DUP_00035,AcquiredCo,Lau,Burns,Lau Burns,laura.burns@acquiredco.com,Data Science,Data,Controller,,Contractor,Australia,,2016-08-04,acquiredco_hris,hris_employee_id,False
AC-000036,ACQ_DUP_00036,AcquiredCo,Hel,Kemp,Hel Kemp,helen.kemp@acquiredco.com,Operations,Operations,Systems Administrator,,Contractor,Netherlands,,2017-03-17,acquiredco_hris,hris_employee_id,False
AC-000037,ACQ_DUP_00037,AcquiredCo,Matt,White,Matt White,matthew.white@acquiredco.com,Legal,Legal,Analyst,,Contractor,India,,2018-05-27,acquiredco_hris,hris_employee_id,False
AC-000038,ACQ_DUP_00038,AcquiredCo,Gary,Crawford,Gary Crawford,gary.crawford@acquiredco.com,Quality Assurance,Engineering,Product Manager,,Part-Time,Italy,,2023-03-13,acquiredco_hris,hris_employee_id,False
AC-000039,ACQ_DUP_00039,AcquiredCo,Nicol,Moreno,Nicol Moreno,nicole.moreno@acquiredco.com,Customer Success,Customer Support,Consultant,,Contractor,China,,2020-12-23,acquiredco_hris,hris_employee_id,False
AC-000040,ACQ_DUP_00040,AcquiredCo,Emm,Young,Emm Young,emma.young@acquiredco.com,Business Development,Sales,Marketing Specialist,,Part-Time,United Kingdom,,2019-05-03,acquiredco_hris,hris_employee_id,False
AC-000041,ACQ_DUP_00041,AcquiredCo,Rya,Robinson,Rya Robinson,ryan.robinson@acquiredco.com,Legal,Legal,Data Analyst,,Part-Time,Ireland,,2024-01-19,acquiredco_hris,hris_employee_id,False
AC-000042,ACQ_DUP_00042,AcquiredCo,Lin,Lewis,Lin Lewis,linda.lewis@acquiredco.com,Information Technology,Information Technology,Operations Manager,,Contractor,Hong Kong,,2022-12-16,acquiredco_hris,hris_employee_id,False
AC-000043,ACQ_DUP_00043,AcquiredCo,Amy,Rogers,Amy Rogers,amy.rogers@acquiredco.com,Data Science,Data,Solutions Architect,,Contractor,Sweden,,2022-09-12,acquiredco_hris,hris_employee_id,False
AC-000044,ACQ_DUP_00044,AcquiredCo,Samanth,Warren,Samanth Warren,samantha.warren@acquiredco.com,Business Development,Sales,Business Analyst,,Contractor,Australia,,2016-05-31,acquiredco_hris,hris_employee_id,False
AC-000045,ACQ_DUP_00045,AcquiredCo,Gregory,Lopez,Gregory Lopez,gregory.lopez@acquiredco.com,Business Development,Sales,Quality Assurance Engineer,,Part-Time,India,,2018-12-12,acquiredco_hris,hris_employee_id,False
AC-000046,ACQ_DUP_00046,AcquiredCo,Cynt,Peterson,Cynt Peterson,cynthia.peterson@acquiredco.com,Manufacturing,Manufacturing,Marketing Manager,,Part-Time,India,,2019-03-16,acquiredco_hris,hris_employee_id,False
AC-000047,ACQ_DUP_00047,AcquiredCo,Emma,Shelton,Emma Shelton,emma.shelton@acquiredco.com,Business Development,Sales,Senior Product Manager,,Full-Time,Sweden,,2016-01-16,acquiredco_hris,hris_employee_id,False
AC-000048,ACQ_DUP_00048,AcquiredCo,Janet,Kennedy,Janet Kennedy,janet.kennedy@acquiredco.com,Engineering,Engineering,Senior Product Manager,,Full-Time,Australia,,2024-04-24,acquiredco_hris,hris_employee_id,False
AC-000049,ACQ_DUP_00049,AcquiredCo,And,Robinson,And Robinson,andrew.robinson@acquiredco.com,Customer Success,Customer Support,Software Engineer,,Contractor,South Korea,,2020-02-28,acquiredco_hris,hris_employee_id,False
AC-000050,ACQ_DUP_00050,AcquiredCo,Peter,Porter,Peter Porter,peter.porter@acquiredco.com,Sales,Sales,Marketing Specialist,,Full-Time,France,,2020-11-16,acquiredco_hris,hris_employee_id,False
AC-000051,ACQ_DUP_00051,AcquiredCo,Mel,Smith,Mel Smith,melissa.smith@acquiredco.com,Legal,Legal,Data Scientist,,Contractor,Canada,,2016-10-22,acquiredco_hris,hris_employee_id,False
AC-000052,ACQ_DUP_00052,AcquiredCo,Pete,Gomez,Pete Gomez,peter.gomez@acquiredco.com,Business Development,Sales,Data Scientist,,Contractor,United States,,2015-09-26,acquiredco_hris,hris_employee_id,False
AC-000053,ACQ_DUP_00053,AcquiredCo,Ronal,Gonzalez,Ronal Gonzalez,ronald.gonzalez@acquiredco.com,Communications,Marketing,HR Manager,,Contractor,Spain,,2021-08-20,acquiredco_hris,hris_employee_id,False
AC-000054,ACQ_DUP_00054,AcquiredCo,Cathy,Kemp,Cathy Kemp,catherine.kemp@acquiredco.com,Customer Success,Customer Support,Controller,,Part-Time,Australia,,2016-05-31,acquiredco_hris,hris_employee_id,False
AC-000055,ACQ_DUP_00055,AcquiredCo,Steven,Henry,Steven Henry,steven.henry@acquiredco.com,Data Science,Data,Business Analyst,,Contractor,Sweden,,2021-07-28,acquiredco_hris,hris_employee_id,False
AC-000056,ACQ_DUP_00056,AcquiredCo,Ang,Garrison,Ang Garrison,angela.garrison@acquiredco.com,Engineering,Engineering,Marketing Specialist,,Part-Time,Spain,,2015-04-26,acquiredco_hris,hris_employee_id,False
AC-000057,ACQ_DUP_00057,AcquiredCo,Rick,Bell,Rick Bell,richard.bell@acquiredco.com,Product,Product,Operations Manager,,Full-Time,India,,2024-02-04,acquiredco_hris,hris_employee_id,False
AC-000058,ACQ_DUP_00058,AcquiredCo,Caro,Hunter,Caro Hunter,carol.hunter@acquiredco.com,Supply Chain,Operations,Consultant,,Contractor,Netherlands,,2018-07-20,acquiredco_hris,hris_employee_id,False
AC-000059,ACQ_DUP_00059,AcquiredCo,Jon,Jackson,Jon Jackson,jonathan.jackson@acquiredco.com,Strategy,Strategy,Business Analyst,,Part-Time,Singapore,,2016-03-05,acquiredco_hris,hris_employee_id,False
AC-000060,ACQ_DUP_00060,AcquiredCo,Ken,Hernandez,Ken Hernandez,kenneth.hernandez@acquiredco.com,Engineering,Engineering,Product Manager,,Contractor,Mexico,,2022-04-25,acquiredco_hris,hris_employee_id,False
AC-000061,ACQ_DUP_00061,AcquiredCo,Chris,Anderson,Chris Anderson,christopher.anderson@acquiredco.com,Legal,Legal,Financial Analyst,,Full-Time,Hong Kong,,2021-03-13,acquiredco_hris,hris_employee_id,False
AC-000062,ACQ_DUP_00062,AcquiredCo,Edward,Fox,Edward Fox,edward.fox@acquiredco.com,Customer Success,Customer Support,Analyst,,Contractor,Australia,,2022-02-17,acquiredco_hris,hris_employee_id,False
AC-000063,ACQ_DUP_00063,AcquiredCo,Nancy,Sanchez,Nancy Sanchez,nancy.sanchez@acquiredco.com,Customer Success,Customer Support,Quality Assurance Engineer,,Contractor,Spain,,2023-12-07,acquiredco_hris,hris_employee_id,False
AC-000064,ACQ_DUP_00064,AcquiredCo,Anna,Miller,Anna Miller,anna.miller@acquiredco.com,Communications,Marketing,QA Lead,,Full-Time,Spain,,2018-05-05,acquiredco_hris,hris_employee_id,False
AC-000065,ACQ_DUP_00065,AcquiredCo,Barb,White,Barb White,barbara.white@acquiredco.com,Strategy,Strategy,Data Scientist,,Contractor,France,,2018-04-22,acquiredco_hris,hris_employee_id,False
AC-000066,ACQ_DUP_00066,AcquiredCo,Becky,Ramos,Becky Ramos,rebecca.ramos@acquiredco.com,Human Resources,Human Resources,Account Executive,,Part-Time,Sweden,,2020-01-31,acquiredco_hris,hris_employee_id,False
AC-000067,ACQ_DUP_00067,AcquiredCo,Benjami,Reed,Benjami Reed,benjamin.reed@acquiredco.com,Data Science,Data,Data Analyst,,Part-Time,India,,2018-09-13,acquiredco_hris,hris_employee_id,False
AC-000068,ACQ_DUP_00068,AcquiredCo,Charl,White,Charl White,charles.white@acquiredco.com,Strategy,Strategy,Quality Assurance Engineer,,Full-Time,France,,2020-12-11,acquiredco_hris,hris_employee_id,False
AC-000069,ACQ_DUP_00069,AcquiredCo,Tom,Warren,Tom Warren,thomas.warren@acquiredco.com,Business Development,Sales,Data Scientist,,Full-Time,Japan,,2017-01-22,acquiredco_hris,hris_employee_id,False
AC-000070,ACQ_DUP_00070,AcquiredCo,Chris,Crawford,Chris Crawford,christopher.crawford@acquiredco.com,Information Technology,Information Technology,Accountant,,Contractor,China,,2023-02-20,acquiredco_hris,hris_employee_id,False
AC-000071,ACQ_DUP_00071,AcquiredCo,Shirl,Morris,Shirl Morris,shirley.morris@acquiredco.com,DevOps,Engineering,Consultant,,Contractor,Spain,,2017-02-01,acquiredco_hris,hris_employee_id,False
AC-000072,ACQ_DUP_00072,AcquiredCo,Saman,Garcia,Saman Garcia,samantha.garcia@acquiredco.com,Customer Success,Customer Support,Product Manager,,Full-Time,Singapore,,2016-04-25,acquiredco_hris,hris_employee_id,False
AC-000073,ACQ_DUP_00073,AcquiredCo,Mary,Wilson,Mary Wilson,mary.wilson@acquiredco.com,Legal,Legal,Quality Assurance Engineer,,Full-Time,Germany,,2019-01-14,acquiredco_hris,hris_employee_id,False
AC-000074,ACQ_DUP_00074,AcquiredCo,Jerry,Boyd,Jerry Boyd,jerry.boyd@acquiredco.com,Supply Chain,Operations,Sales Director,,Contractor,United States,,2020-05-17,acquiredco_hris,hris_employee_id,False
AC-000075,ACQ_DUP_00075,AcquiredCo,Gregor,Rogers,Gregor Rogers,gregory.rogers@acquiredco.com,Customer Success,Customer Support,Staff Engineer,,Contractor,Singapore,,2020-09-01,acquiredco_hris,hris_employee_id,False
AC-000076,ACQ_DUP_00076,AcquiredCo,Jen,Reed,Jen Reed,jennifer.reed@acquiredco.com,Communications,Marketing,Data Analyst,,Full-Time,Hong Kong,,2021-09-29,acquiredco_hris,hris_employee_id,False
AC-000077,ACQ_DUP_00077,AcquiredCo,Pat,Moreno,Pat Moreno,patrick.moreno@acquiredco.com,Information Technology,Information Technology,Marketing Manager,,Full-Time,United Kingdom,,2015-03-08,acquiredco_hris,hris_employee_id,False
AC-000078,ACQ_DUP_00078,AcquiredCo,Ken,Reeves,Ken Reeves,kenneth.reeves@acquiredco.com,Product,Product,Operations Manager,,Full-Time,Switzerland,,2021-08-25,acquiredco_hris,hris_employee_id,False
AC-000079,ACQ_DUP_00079,AcquiredCo,Jeff,Gomez,Jeff Gomez,jeffrey.gomez@acquiredco.com,Strategy,Strategy,Systems Administrator,,Part-Time,Germany,,2022-05-15,acquiredco_hris,hris_employee_id,False
AC-000080,ACQ_DUP_00080,AcquiredCo,Becky,Thompson,Becky Thompson,rebecca.thompson@acquiredco.com,Quality Assurance,Engineering,HR Specialist,,Full-Time,Italy,,2020-12-06,acquiredco_hris,hris_employee_id,False
AC-000081,ACQ_DUP_00081,AcquiredCo,Barb,Robinson,Barb Robinson,barbara.robinson@acquiredco.com,Sales,Sales,Staff Engineer,,Full-Time,Japan,,2020-03-14,acquiredco_hris,hris_employee_id,False
AC-000082,ACQ_DUP_00082,AcquiredCo,Car,Reed,Car Reed,carolyn.reed@acquiredco.com,Sales,Sales,Controller,,Part-Time,Brazil,,2022-08-21,acquiredco_hris,hris_employee_id,False
AC-000083,ACQ_DUP_00083,AcquiredCo,Lar,Henry,Lar Henry,larry.henry@acquiredco.com,Strategy,Strategy,Product Manager,,Full-Time,Canada,,2018-08-06,acquiredco_hris,hris_employee_id,False
AC-000084,ACQ_DUP_00084,AcquiredCo,Grego,Lewis,Grego Lewis,gregory.lewis@acquiredco.com,DevOps,Engineering,Sales Director,,Contractor,United States,,2024-09-05,acquiredco_hris,hris_employee_id,False
AC-000085,ACQ_DUP_00085,AcquiredCo,Dorot,Phillips,Dorot Phillips,dorothy.phillips@acquiredco.com,Human Resources,Human Resources,Project Manager,,Part-Time,France,,2024-06-07,acquiredco_hris,hris_employee_id,False
AC-000086,ACQ_DUP_00086,AcquiredCo,Lisa,Walker,Lisa Walker,lisa.walker@acquiredco.com,Manufacturing,Manufacturing,Sales Representative,,Full-Time,Ireland,,2021-02-02,acquiredco_hris,hris_employee_id,False
AC-000087,ACQ_DUP_00087,AcquiredCo,Meli,Martin,Meli Martin,melissa.martin@acquiredco.com,Manufacturing,Manufacturing,Recruiter,,Contractor,Japan,,2022-01-23,acquiredco_hris,hris_employee_id,False
AC-000088,ACQ_DUP_00088,AcquiredCo,Anna,Wilson,Anna Wilson,anna.wilson@acquiredco.com,Engineering,Engineering,Quality Assurance Engineer,,Full-Time,Singapore,,2015-07-26,acquiredco_hris,hris_employee_id,False
AC-000089,ACQ_DUP_00089,AcquiredCo,Dan,Martin,Dan Martin,daniel.martin@acquiredco.com,DevOps,Engineering,Accountant,,Part-Time,Sweden,,2015-01-04,acquiredco_hris,hris_employee_id,False
AC-000090,ACQ_DUP_00090,AcquiredCo,Car,Porter,Car Porter,carol.porter@acquiredco.com,Information Technology,Information Technology,Software Engineer,,Contractor,Netherlands,,2018-10-13,acquiredco_hris,hris_employee_id,False
AC-000091,ACQ_DUP_00091,AcquiredCo,Jon,Burns,Jon Burns,jonathan.burns@acquiredco.com,Data Science,Data,Project Manager,,Full-Time,China,,2016-03-15,acquiredco_hris,hris_employee_id,False
AC-000092,ACQ_DUP_00092,AcquiredCo,Joe,Moreno,Joe Moreno,joseph.moreno@acquiredco.com,Marketing,Marketing,Financial Analyst,,Contractor,Canada,,2018-09-05,acquiredco_hris,hris_employee_id,False
AC-000093,ACQ_DUP_00093,AcquiredCo,Caro,Price,Caro Price,carol.price@acquiredco.com,Legal,Legal,Data Engineer,,Contractor,Brazil,,2024-09-22,acquiredco_hris,hris_employee_id,False
AC-000094,ACQ_DUP_00094,AcquiredCo,Kev,Phillips,Kev Phillips,kevin.phillips@acquiredco.com,Operations,Operations,Sales Representative,,Full-Time,Switzerland,,2018-12-08,acquiredco_hris,hris_employee_id,False
AC-000095,ACQ_DUP_00095,AcquiredCo,Kathle,Allen,Kathle Allen,kathleen.allen@acquiredco.com,Product,Product,Financial Analyst,,Contractor,Netherlands,,2019-03-19,acquiredco_hris,hris_employee_id,False
AC-000096,ACQ_DUP_00096,AcquiredCo,Pau,Martin,Pau Martin,paul.martin@acquiredco.com,Sales,Sales,Controller,,Full-Time,Italy,,2015-02-11,acquiredco_hris,hris_employee_id,False
AC-000097,ACQ_DUP_00097,AcquiredCo,Larr,Ramos,Larr Ramos,larry.ramos@acquiredco.com,Business Development,Sales,Account Executive,,Full-Time,Sweden,,2021-11-26,acquiredco_hris,hris_employee_id,False
AC-000098,ACQ_DUP_00098,AcquiredCo,Nichola,Walker,Nichola Walker,nicholas.walker@acquiredco.com,Marketing,Marketing,Consultant,,Full-Time,Canada,,2019-05-20,acquiredco_hris,hris_employee_id,False
AC-000099,ACQ_DUP_00099,AcquiredCo,Kevin,Morgan,Kevin Morgan,kevin.morgan@acquiredco.com,Communications,Marketing,Quality Assurance Engineer,,Contractor,Canada,,2021-12-14,acquiredco_hris,hris_employee_id,False
AC-000100,ACQ_DUP_00100,AcquiredCo,Ronal,Wilson,Ronal Wilson,ronald.wilson@acquiredco.com,Finance,Finance,QA Lead,,Full-Time,France,,2024-02-25,acquiredco_hris,hris_employee_id,False
AC-000101,ACQ_DUP_00101,AcquiredCo,Patrici,Garrison,Patrici Garrison,patricia.garrison@acquiredco.com,Supply Chain,Operations,Marketing Specialist,,Contractor,India,,2022-09-30,acquiredco_hris,hris_employee_id,False
AC-000102,ACQ_DUP_00102,AcquiredCo,Ama,Reed,Ama Reed,amanda.reed@acquiredco.com,Marketing,Marketing,Sales Director,,Full-Time,Hong Kong,,2023-10-19,acquiredco_hris,hris_employee_id,False
AC-000103,ACQ_DUP_00103,AcquiredCo,Patricia,Scott,Patricia Scott,patricia.scott@acquiredco.com,Supply Chain,Operations,Accountant,,Part-Time,Spain,,2022-04-05,acquiredco_hris,hris_employee_id,False
AC-000104,ACQ_DUP_00104,AcquiredCo,Kimberly,Kemp,Kimberly Kemp,kimberly.kemp@acquiredco.com,Strategy,Strategy,Analyst,,Contractor,France,,2018-07-28,acquiredco_hris,hris_employee_id,False
AC-000105,ACQ_DUP_00105,AcquiredCo,Ken,Torres,Ken Torres,kenneth.torres@acquiredco.com,Finance,Finance,Operations Manager,,Contractor,Spain,,2021-03-22,acquiredco_hris,hris_employee_id,False
AC-000106,ACQ_DUP_00106,AcquiredCo,Emil,Nickerson,Emil Nickerson,emily.nickerson@acquiredco.com,Engineering,Engineering,Recruiter,,Part-Time,Australia,,2024-03-22,acquiredco_hris,hris_employee_id,False
AC-000107,ACQ_DUP_00107,AcquiredCo,Kimbe,Lewis,Kimbe Lewis,kimberly.lewis@acquiredco.com,Manufacturing,Manufacturing,Systems Administrator,,Full-Time,Australia,,2017-04-10,acquiredco_hris,hris_employee_id,False
AC-000108,ACQ_DUP_00108,AcquiredCo,Becky,Smith,Becky Smith,rebecca.smith@acquiredco.com,Communications,Marketing,Data Scientist,,Part-Time,Italy,,2020-11-28,acquiredco_hris,hris_employee_id,False
AC-000109,ACQ_DUP_00109,AcquiredCo,Ron,Crawford,Ron Crawford,ronald.crawford@acquiredco.com,Legal,Legal,Accountant,,Part-Time,United States,,2024-08-08,acquiredco_hris,hris_employee_id,False
AC-000110,ACQ_DUP_00110,AcquiredCo,Rona,Dixon,Rona Dixon,ronald.dixon@acquiredco.com,Operations,Operations,Solutions Architect,,Full-Time,Singapore,,2024-04-16,acquiredco_hris,hris_employee_id,False
AC-000111,ACQ_DUP_00111,AcquiredCo,Paul,Ramirez,Paul Ramirez,paul.ramirez@acquiredco.com,Manufacturing,Manufacturing,Recruiter,,Part-Time,Brazil,,2021-06-14,acquiredco_hris,hris_employee_id,False
AC-000112,ACQ_DUP_00112,AcquiredCo,Jacob,Edwards,Jacob Edwards,jacob.edwards@acquiredco.com,Finance,Finance,Data Engineer,,Contractor,Spain,,2018-01-15,acquiredco_hris,hris_employee_id,False
AC-000113,ACQ_DUP_00113,AcquiredCo,Ken,Murphy,Ken Murphy,kenneth.murphy@acquiredco.com,Marketing,Marketing,Project Manager,,Contractor,Spain,,2020-03-16,acquiredco_hris,hris_employee_id,False
AC-000114,ACQ_DUP_00114,AcquiredCo,Cynth,Hernandez,Cynth Hernandez,cynthia.hernandez@acquiredco.com,Quality Assurance,Engineering,Operations Manager,,Contractor,Hong Kong,,2016-07-18,acquiredco_hris,hris_employee_id,False
AC-000115,ACQ_DUP_00115,AcquiredCo,Tim,Miller,Tim Miller,timothy.miller@acquiredco.com,Quality Assurance,Engineering,Senior Software Engineer,,Contractor,Sweden,,2021-04-08,acquiredco_hris,hris_employee_id,False
AC-000116,ACQ_DUP_00116,AcquiredCo,Rut,Mason,Rut Mason,ruth.mason@acquiredco.com,Engineering,Engineering,HR Manager,,Part-Time,Brazil,,2016-10-11,acquiredco_hris,hris_employee_id,False
AC-000117,ACQ_DUP_00117,AcquiredCo,Dougl,Williams,Dougl Williams,douglas.williams@acquiredco.com,Business Development,Sales,Marketing Specialist,,Contractor,Singapore,,2022-04-15,acquiredco_hris,hris_employee_id,False
AC-000118,ACQ_DUP_00118,AcquiredCo,Nicole,Edwards,Nicole Edwards,nicole.edwards@acquiredco.com,Human Resources,Human Resources,Solutions Architect,,Full-Time,Brazil,,2023-03-22,acquiredco_hris,hris_employee_id,False
AC-000119,ACQ_DUP_00119,AcquiredCo,Jose,Hunter,Jose Hunter,jose.hunter@acquiredco.com,Quality Assurance,Engineering,Controller,,Contractor,Mexico,,2017-05-31,acquiredco_hris,hris_employee_id,False
AC-000120,ACQ_DUP_00120,AcquiredCo,Jon,Rodriguez,Jon Rodriguez,jonathan.rodriguez@acquiredco.com,Operations,Operations,Accountant,,Part-Time,Brazil,,2018-11-10,acquiredco_hris,hris_employee_id,False
AC-000121,ACQ_DUP_00121,AcquiredCo,Becky,Wilson,Becky Wilson,rebecca.wilson@acquiredco.com,Sales,Sales,Recruiter,,Contractor,China,,2023-04-09,acquiredco_hris,hris_employee_id,False
AC-000122,ACQ_DUP_00122,AcquiredCo,Helen,Nickerson,Helen Nickerson,helen.nickerson@acquiredco.com,Marketing,Marketing,HR Manager,,Full-Time,Ireland,,2022-04-16,acquiredco_hris,hris_employee_id,False
AC-000123,ACQ_DUP_00123,AcquiredCo,Josh,Bell,Josh Bell,joshua.bell@acquiredco.com,Operations,Operations,Operations Manager,,Part-Time,France,,2020-01-21,acquiredco_hris,hris_employee_id,False
AC-000124,ACQ_DUP_00124,AcquiredCo,Ann,Wright,Ann Wright,anna.wright@acquiredco.com,Engineering,Engineering,Analyst,,Contractor,Netherlands,,2016-11-10,acquiredco_hris,hris_employee_id,False
AC-000125,ACQ_DUP_00125,AcquiredCo,Lar,Walker,Lar Walker,larry.walker@acquiredco.com,Marketing,Marketing,Data Engineer,,Full-Time,Netherlands,,2022-01-22,acquiredco_hris,hris_employee_id,False
AC-000126,ACQ_DUP_00126,AcquiredCo,Ron,Warren,Ron Warren,ronald.warren@acquiredco.com,Information Technology,Information Technology,Data Engineer,,Contractor,Netherlands,,2015-05-17,acquiredco_hris,hris_employee_id,False
AC-000127,ACQ_DUP_00127,AcquiredCo,Larry,Crawford,Larry Crawford,larry.crawford@acquiredco.com,Legal,Legal,Software Engineer,,Part-Time,Brazil,,2022-02-08,acquiredco_hris,hris_employee_id,False
AC-000128,ACQ_DUP_00128,AcquiredCo,Aar,Torres,Aar Torres,aaron.torres@acquiredco.com,Manufacturing,Manufacturing,Consultant,,Contractor,Canada,,2016-10-03,acquiredco_hris,hris_employee_id,False
AC-000129,ACQ_DUP_00129,AcquiredCo,Andr,Jones,Andr Jones,andrew.jones@acquiredco.com,Human Resources,Human Resources,Sales Representative,,Part-Time,United Kingdom,,2017-02-02,acquiredco_hris,hris_employee_id,False
AC-000130,ACQ_DUP_00130,AcquiredCo,Jose,Crawford,Jose Crawford,jose.crawford@acquiredco.com,Communications,Marketing,Sales Director,,Contractor,Ireland,,2016-11-08,acquiredco_hris,hris_employee_id,False
AC-000131,ACQ_DUP_00131,AcquiredCo,Patric,Bennett,Patric Bennett,patrick.bennett@acquiredco.com,Information Technology,Information Technology,Quality Assurance Engineer,,Part-Time,Italy,,2023-11-25,acquiredco_hris,hris_employee_id,False
AC-000132,ACQ_DUP_00132,AcquiredCo,Rache,Collins,Rache Collins,rachel.collins@acquiredco.com,Human Resources,Human Resources,Consultant,,Full-Time,India,,2017-02-02,acquiredco_hris,hris_employee_id,False
AC-000133,ACQ_DUP_00133,AcquiredCo,Kathleen,Edwards,Kathleen Edwards,kathleen.edwards@acquiredco.com,DevOps,Engineering,Quality Assurance Engineer,,Part-Time,France,,2016-02-16,acquiredco_hris,hris_employee_id,False
AC-000134,ACQ_DUP_00134,AcquiredCo,Sharo,Kennedy,Sharo Kennedy,sharon.kennedy@acquiredco.com,Human Resources,Human Resources,Business Analyst,,Full-Time,China,,2019-12-10,acquiredco_hris,hris_employee_id,False
AC-000135,ACQ_DUP_00135,AcquiredCo,Linda,Garcia,Linda Garcia,linda.garcia@acquiredco.com,Marketing,Marketing,Senior Software Engineer,,Full-Time,Germany,,2017-02-10,acquiredco_hris,hris_employee_id,False
AC-000136,ACQ_DUP_00136,AcquiredCo,Donal,Thompson,Donal Thompson,donald.thompson@acquiredco.com,Engineering,Engineering,Analyst,,Contractor,Germany,,2019-04-25,acquiredco_hris,hris_employee_id,False
AC-000137,ACQ_DUP_00137,AcquiredCo,Kathlee,Moreno,Kathlee Moreno,kathleen.moreno@acquiredco.com,Information Technology,Information Technology,HR Manager,,Full-Time,Brazil,,2017-12-24,acquiredco_hris,hris_employee_id,False
AC-000138,ACQ_DUP_00138,AcquiredCo,Chris,Kennedy,Chris Kennedy,christopher.kennedy@acquiredco.com,Engineering,Engineering,Product Manager,,Part-Time,Singapore,,2023-03-28,acquiredco_hris,hris_employee_id,False
AC-000139,ACQ_DUP_00139,AcquiredCo,Lau,Price,Lau Price,laura.price@acquiredco.com,Data Science,Data,Data Scientist,,Full-Time,Brazil,,2015-12-26,acquiredco_hris,hris_employee_id,False
AC-000140,ACQ_DUP_00140,AcquiredCo,Maggie,Hunter,Maggie Hunter,margaret.hunter@acquiredco.com,Strategy,Strategy,Business Analyst,,Contractor,Brazil,,2016-10-15,acquiredco_hris,hris_employee_id,False
AC-000141,ACQ_DUP_00141,AcquiredCo,Samue,Brown,Samue Brown,samuel.brown@acquiredco.com,Communications,Marketing,Product Manager,,Part-Time,China,,2019-11-23,acquiredco_hris,hris_employee_id,False
AC-000142,ACQ_DUP_00142,AcquiredCo,Chri,Miller,Chri Miller,christine.miller@acquiredco.com,Human Resources,Human Resources,Senior Product Manager,,Full-Time,Hong Kong,,2019-09-23,acquiredco_hris,hris_employee_id,False
AC-000143,ACQ_DUP_00143,AcquiredCo,Joshua,Wright,Joshua Wright,joshua.wright@acquiredco.com,Business Development,Sales,Data Analyst,,Part-Time,India,,2016-10-29,acquiredco_hris,hris_employee_id,False
AC-000144,ACQ_DUP_00144,AcquiredCo,Denn,Mason,Denn Mason,dennis.mason@acquiredco.com,Product,Product,Operations Manager,,Full-Time,Ireland,,2015-02-16,acquiredco_hris,hris_employee_id,False
AC-000145,ACQ_DUP_00145,AcquiredCo,And,Jackson,And Jackson,andrew.jackson@acquiredco.com,Finance,Finance,Account Executive,,Part-Time,Hong Kong,,2023-08-13,acquiredco_hris,hris_employee_id,False
AC-000146,ACQ_DUP_00146,AcquiredCo,Chri,Miller,Chri Miller,christine.miller@acquiredco.com,Marketing,Marketing,Analyst,,Contractor,Singapore,,2023-07-18,acquiredco_hris,hris_employee_id,False
AC-000147,ACQ_DUP_00147,AcquiredCo,Emi,Lopez,Emi Lopez,emily.lopez@acquiredco.com,Quality Assurance,Engineering,Staff Engineer,,Full-Time,France,,2020-04-22,acquiredco_hris,hris_employee_id,False
AC-000148,ACQ_DUP_00148,AcquiredCo,Don,Morgan,Don Morgan,donna.morgan@acquiredco.com,Business Development,Sales,Marketing Manager,,Part-Time,Germany,,2024-04-19,acquiredco_hris,hris_employee_id,False
AC-000149,ACQ_DUP_00149,AcquiredCo,Dougl,Reyes,Dougl Reyes,douglas.reyes@acquiredco.com,Marketing,Marketing,Consultant,,Contractor,Netherlands,,2015-07-17,acquiredco_hris,hris_employee_id,False
AC-000150,ACQ_DUP_00150,AcquiredCo,Greg,Jackson,Greg Jackson,gregory.jackson@acquiredco.com,Manufacturing,Manufacturing,Recruiter,,Contractor,Germany,,2019-08-16,acquiredco_hris,hris_employee_id,False
AC-000151,ACQ_DUP_00151,AcquiredCo,Jac,Fox,Jac Fox,jacob.fox@acquiredco.com,Supply Chain,Operations,Marketing Specialist,,Part-Time,Singapore,,2019-12-14,acquiredco_hris,hris_employee_id,False
AC-000152,ACQ_DUP_00152,AcquiredCo,Shi,Reed,Shi Reed,shirley.reed@acquiredco.com,Finance,Finance,Sales Representative,,Part-Time,Spain,,2022-08-19,acquiredco_hris,hris_employee_id,False
AC-000153,ACQ_DUP_00153,AcquiredCo,Donna,Bell,Donna Bell,donna.bell@acquiredco.com,Supply Chain,Operations,Sales Director,,Full-Time,South Korea,,2021-01-19,acquiredco_hris,hris_employee_id,False
AC-000154,ACQ_DUP_00154,AcquiredCo,Denn,Martin,Denn Martin,dennis.martin@acquiredco.com,Legal,Legal,Sales Representative,,Contractor,France,,2018-03-17,acquiredco_hris,hris_employee_id,False
AC-000155,ACQ_DUP_00155,AcquiredCo,Angel,Reed,Angel Reed,angela.reed@acquiredco.com,Quality Assurance,Engineering,Sales Representative,,Full-Time,France,,2019-01-26,acquiredco_hris,hris_employee_id,False
AC-000156,ACQ_DUP_00156,AcquiredCo,Andr,Williams,Andr Williams,andrew.williams@acquiredco.com,Data Science,Data,Software Engineer,,Contractor,Italy,,2018-07-09,acquiredco_hris,hris_employee_id,False
AC-000157,ACQ_DUP_00157,AcquiredCo,Maggie,Porter,Maggie Porter,margaret.porter@acquiredco.com,Human Resources,Human Resources,Solutions Architect,,Contractor,Germany,,2017-08-24,acquiredco_hris,hris_employee_id,False
AC-000158,ACQ_DUP_00158,AcquiredCo,Mar,Miller,Mar Miller,mary.miller@acquiredco.com,Communications,Marketing,Recruiter,,Part-Time,Mexico,,2018-01-08,acquiredco_hris,hris_employee_id,False
AC-000159,ACQ_DUP_00159,AcquiredCo,Jen,Jones,Jen Jones,jennifer.jones@acquiredco.com,Sales,Sales,Account Executive,,Full-Time,Italy,,2016-04-27,acquiredco_hris,hris_employee_id,False
AC-000160,ACQ_DUP_00160,AcquiredCo,Jaco,Harris,Jaco Harris,jacob.harris@acquiredco.com,Customer Success,Customer Support,Account Executive,,Part-Time,United Kingdom,,2024-08-04,acquiredco_hris,hris_employee_id,False
AC-000161,ACQ_DUP_00161,AcquiredCo,Tom,Johnson,Tom Johnson,thomas.johnson@acquiredco.com,Marketing,Marketing,Business Analyst,,Part-Time,United States,,2017-03-10,acquiredco_hris,hris_employee_id,False
AC-000162,ACQ_DUP_00162,AcquiredCo,Just,Shelton,Just Shelton,justin.shelton@acquiredco.com,Legal,Legal,Senior Product Manager,,Full-Time,Australia,,2023-12-30,acquiredco_hris,hris_employee_id,False
AC-000163,ACQ_DUP_00163,AcquiredCo,Bill,Cooper,Bill Cooper,william.cooper@acquiredco.com,Engineering,Engineering,Financial Analyst,,Contractor,Mexico,,2018-07-27,acquiredco_hris,hris_employee_id,False
AC-000164,ACQ_DUP_00164,AcquiredCo,Ashle,Phillips,Ashle Phillips,ashley.phillips@acquiredco.com,Data Science,Data,Systems Administrator,,Part-Time,Canada,,2020-09-08,acquiredco_hris,hris_employee_id,False
AC-000165,ACQ_DUP_00165,AcquiredCo,Jer,Collins,Jer Collins,jerry.collins@acquiredco.com,Engineering,Engineering,Consultant,,Part-Time,Mexico,,2023-08-16,acquiredco_hris,hris_employee_id,False
AC-000166,ACQ_DUP_00166,AcquiredCo,Carolyn,Porter,Carolyn Porter,carolyn.porter@acquiredco.com,Supply Chain,Operations,Operations Manager,,Contractor,Mexico,,2023-11-05,acquiredco_hris,hris_employee_id,False
AC-000167,ACQ_DUP_00167,AcquiredCo,Joe,Kennedy,Joe Kennedy,joseph.kennedy@acquiredco.com,Customer Success,Customer Support,Business Analyst,,Contractor,Netherlands,,2017-02-01,acquiredco_hris,hris_employee_id,False
AC-000168,ACQ_DUP_00168,AcquiredCo,Jack,Reyes,Jack Reyes,jack.reyes@acquiredco.com,Marketing,Marketing,Business Analyst,,Contractor,India,,2015-11-04,acquiredco_hris,hris_employee_id,False
AC-000169,ACQ_DUP_00169,AcquiredCo,Jon,Fox,Jon Fox,jonathan.fox@acquiredco.com,Manufacturing,Manufacturing,QA Lead,,Full-Time,Japan,,2019-12-07,acquiredco_hris,hris_employee_id,False
AC-000170,ACQ_DUP_00170,AcquiredCo,Cathy,Rodriguez,Cathy Rodriguez,catherine.rodriguez@acquiredco.com,Sales,Sales,HR Manager,,Full-Time,Switzerland,,2022-11-10,acquiredco_hris,hris_employee_id,False
AC-000171,ACQ_DUP_00171,AcquiredCo,Dorothy,Bell,Dorothy Bell,dorothy.bell@acquiredco.com,Quality Assurance,Engineering,Marketing Specialist,,Contractor,Mexico,,2018-08-14,acquiredco_hris,hris_employee_id,False
AC-000172,ACQ_DUP_00172,AcquiredCo,Kathleen,Lee,Kathleen Lee,kathleen.lee@acquiredco.com,Strategy,Strategy,Analyst,,Contractor,United States,,2020-01-17,acquiredco_hris,hris_employee_id,False
AC-000173,ACQ_DUP_00173,AcquiredCo,Becky,Nickerson,Becky Nickerson,rebecca.nickerson@acquiredco.com,Marketing,Marketing,Data Analyst,,Contractor,Germany,,2020-12-04,acquiredco_hris,hris_employee_id,False
AC-000174,ACQ_DUP_00174,AcquiredCo,Barb,Thomas,Barb Thomas,barbara.thomas@acquiredco.com,Information Technology,Information Technology,Sales Representative,,Part-Time,France,,2019-03-18,acquiredco_hris,hris_employee_id,False
AC-000175,ACQ_DUP_00175,AcquiredCo,Melis,Reeves,Melis Reeves,melissa.reeves@acquiredco.com,Quality Assurance,Engineering,Staff Engineer,,Full-Time,Switzerland,,2019-04-30,acquiredco_hris,hris_employee_id,False
AC-000176,ACQ_DUP_00176,AcquiredCo,Barb,Crawford,Barb Crawford,barbara.crawford@acquiredco.com,Operations,Operations,Account Executive,,Contractor,Brazil,,2016-12-24,acquiredco_hris,hris_employee_id,False
AC-000177,ACQ_DUP_00177,AcquiredCo,Nan,Kemp,Nan Kemp,nancy.kemp@acquiredco.com,Communications,Marketing,Operations Manager,,Full-Time,Italy,,2018-03-12,acquiredco_hris,hris_employee_id,False
AC-000178,ACQ_DUP_00178,AcquiredCo,Jessi,Thompson,Jessi Thompson,jessica.thompson@acquiredco.com,Manufacturing,Manufacturing,Marketing Specialist,,Part-Time,Sweden,,2020-12-01,acquiredco_hris,hris_employee_id,False
AC-000179,ACQ_DUP_00179,AcquiredCo,Patri,Morgan,Patri Morgan,patricia.morgan@acquiredco.com,Legal,Legal,Senior Product Manager,,Contractor,Spain,,2024-11-07,acquiredco_hris,hris_employee_id,False
AC-000180,ACQ_DUP_00180,AcquiredCo,Lis,Henry,Lis Henry,lisa.henry@acquiredco.com,Human Resources,Human Resources,HR Specialist,,Contractor,India,,2020-06-24,acquiredco_hris,hris_employee_id,False
AC-000181,ACQ_DUP_00181,AcquiredCo,Carolyn,Torres,Carolyn Torres,carolyn.torres@acquiredco.com,Quality Assurance,Engineering,Marketing Manager,,Part-Time,Sweden,,2023-01-18,acquiredco_hris,hris_employee_id,False
AC-000182,ACQ_DUP_00182,AcquiredCo,Alexand,Clark,Alexand Clark,alexander.clark@acquiredco.com,Engineering,Engineering,Sales Director,,Part-Time,Germany,,2015-09-05,acquiredco_hris,hris_employee_id,False
AC-000183,ACQ_DUP_00183,AcquiredCo,Brando,Davis,Brando Davis,brandon.davis@acquiredco.com,DevOps,Engineering,Marketing Specialist,,Full-Time,Switzerland,,2024-09-22,acquiredco_hris,hris_employee_id,False
AC-000184,ACQ_DUP_00184,AcquiredCo,Jack,Perez,Jack Perez,jack.perez@acquiredco.com,Quality Assurance,Engineering,Analyst,,Contractor,Switzerland,,2022-03-27,acquiredco_hris,hris_employee_id,False
AC-000185,ACQ_DUP_00185,AcquiredCo,Eric,Allen,Eric Allen,eric.allen@acquiredco.com,Sales,Sales,QA Lead,,Part-Time,Sweden,,2019-03-02,acquiredco_hris,hris_employee_id,False
AC-000186,ACQ_DUP_00186,AcquiredCo,Bill,Moore,Bill Moore,william.moore@acquiredco.com,DevOps,Engineering,Analyst,,Full-Time,United Kingdom,,2016-05-12,acquiredco_hris,hris_employee_id,False
AC-000187,ACQ_DUP_00187,AcquiredCo,And,Kennedy,And Kennedy,andrew.kennedy@acquiredco.com,Operations,Operations,Marketing Manager,,Part-Time,Italy,,2018-08-30,acquiredco_hris,hris_employee_id,False
AC-000188,ACQ_DUP_00188,AcquiredCo,Mat,Mason,Mat Mason,matthew.mason@acquiredco.com,Data Science,Data,Quality Assurance Engineer,,Full-Time,Canada,,2023-07-17,acquiredco_hris,hris_employee_id,False
AC-000189,ACQ_DUP_00189,AcquiredCo,Pau,Perez,Pau Perez,paul.perez@acquiredco.com,Human Resources,Human Resources,Consultant,,Full-Time,Ireland,,2017-04-22,acquiredco_hris,hris_employee_id,False
AC-000190,ACQ_DUP_00190,AcquiredCo,Jim,Reyes,Jim Reyes,james.reyes@acquiredco.com,Finance,Finance,Sales Director,,Part-Time,Spain,,2017-07-31,acquiredco_hris,hris_employee_id,False
AC-000191,ACQ_DUP_00191,AcquiredCo,Sco,Hunter,Sco Hunter,scott.hunter@acquiredco.com,Sales,Sales,Marketing Manager,,Part-Time,Canada,,2023-07-22,acquiredco_hris,hris_employee_id,False
AC-000192,ACQ_DUP_00192,AcquiredCo,Jim,Rodriguez,Jim Rodriguez,james.rodriguez@acquiredco.com,Quality Assurance,Engineering,Recruiter,,Full-Time,United Kingdom,,2016-11-09,acquiredco_hris,hris_employee_id,False
AC-000193,ACQ_DUP_00193,AcquiredCo,Rut,Campbell,Rut Campbell,ruth.campbell@acquiredco.com,Business Development,Sales,Solutions Architect,,Full-Time,Germany,,2018-07-01,acquiredco_hris,hris_employee_id,False
AC-000194,ACQ_DUP_00194,AcquiredCo,Davi,Stevens,Davi Stevens,david.stevens@acquiredco.com,Strategy,Strategy,Project Manager,,Contractor,Spain,,2022-04-06,acquiredco_hris,hris_employee_id,False
AC-000195,ACQ_DUP_00195,AcquiredCo,Patric,Parker,Patric Parker,patrick.parker@acquiredco.com,Product,Product,Systems Administrator,,Part-Time,Ireland,,2015-07-20,acquiredco_hris,hris_employee_id,False
AC-000196,ACQ_DUP_00196,AcquiredCo,Maggie,Martinez,Maggie Martinez,margaret.martinez@acquiredco.com,Manufacturing,Manufacturing,Data Scientist,,Contractor,United Kingdom,,2016-11-09,acquiredco_hris,hris_employee_id,False
AC-000197,ACQ_DUP_00197,AcquiredCo,Joe,Lopez,Joe Lopez,joseph.lopez@acquiredco.com,Product,Product,Data Analyst,,Contractor,Japan,,2020-04-09,acquiredco_hris,hris_employee_id,False
AC-000198,ACQ_DUP_00198,AcquiredCo,Sus,Collins,Sus Collins,susan.collins@acquiredco.com,Supply Chain,Operations,Senior Product Manager,,Full-Time,Sweden,,2021-03-24,acquiredco_hris,hris_employee_id,False
AC-000199,ACQ_DUP_00199,AcquiredCo,Rac,White,Rac White,rachel.white@acquiredco.com,DevOps,Engineering,Solutions Architect,,Part-Time,Germany,,2022-09-24,acquiredco_hris,hris_employee_id,False
